{
	"credit": "Made with Blockbench",
	"texture_size": [32, 32],
	"textures": {
		"0": "./shielding_gauntlet",
		"particle": "./shielding_gauntlet"
	},
	"elements": [
		{
			"from": [0, 0, 0],
			"to": [5, 5, 9],
			"faces": {
				"north": {"uv": [0, 5, 2.5, 7.5], "texture": "#0"},
				"east": {"uv": [0, 0, 4.5, 2.5], "texture": "#0"},
				"south": {"uv": [7, 0, 9.5, 2.5], "texture": "#0"},
				"west": {"uv": [0, 2.5, 4.5, 5], "texture": "#0"},
				"up": {"uv": [7, 4.5, 4.5, 0], "texture": "#0"},
				"down": {"uv": [7, 4.5, 4.5, 9], "texture": "#0"}
			}
		},
		{
			"from": [0.25, 0.25, 0.25],
			"to": [4.75, 4.75, 8.75],
			"faces": {
				"north": {"uv": [0, 7.5, 2.5, 10], "texture": "#0"},
				"east": {"uv": [0, 10, 4.5, 12.5], "texture": "#0"},
				"south": {"uv": [7, 2.5, 9.5, 5], "texture": "#0"},
				"west": {"uv": [7, 2.5, 7.25, 5], "texture": "#0"},
				"up": {"uv": [7, 13.5, 4.5, 9], "texture": "#0"},
				"down": {"uv": [9.5, 9, 7, 13.5], "texture": "#0"}
			}
		}
	],
	"display": {
		"thirdperson_righthand": {
			"translation": [5.75, 3.75, 6.5],
			"scale": [1.04, 1.04, 1.04]
		},
		"thirdperson_lefthand": {
			"rotation": [75, 45, 0],
			"translation": [0, 2.5, 0],
			"scale": [0.375, 0.375, 0.375]
		},
		"firstperson_righthand": {
			"rotation": [6, 0, 0],
			"translation": [7, 7.5, 9.5],
			"scale": [1.04, 1.04, 1.04]
		},
		"firstperson_lefthand": {
			"rotation": [18.75, 0, -180],
			"translation": [8.25, -5, 5.5],
			"scale": [1.04, 1.04, 1.04]
		},
		"ground": {
			"translation": [5.75, 6.75, 4.75]
		},
		"gui": {
			"rotation": [30, 225, 0],
			"translation": [-6, 3.5, 0]
		},
		"head": {
			"rotation": [0, 180, 0],
			"translation": [-5.5, 7.5, -4.25]
		},
		"fixed": {
			"rotation": [0, -90, 0],
			"translation": [-4.75, 5.75, 4.25]
		}
	},
	"groups": [
		{
			"name": "group",
			"origin": [8, 8, 8],
			"color": 0,
			"children": [0, 1]
		}
	]
}