{
	"credit": "Made with Blockbench",
	"texture_size": [32, 32],
	"textures": {
		"1": "items/custom/netherite_axe/great_hammer",
		"particle": "items/custom/netherite_axe/great_hammer"
	},
	"elements": [
		{
			"from": [0, 1, 7.5],
			"to": [1, 2, 8.5],
			"rotation": {"angle": 0, "axis": "y", "origin": [0, 0, 5]},
			"faces": {
				"north": {"uv": [10.5, 3, 11, 3.5], "texture": "#1"},
				"east": {"uv": [3.5, 10.5, 4, 11], "texture": "#1"},
				"south": {"uv": [10.5, 3.5, 11, 4], "texture": "#1"},
				"west": {"uv": [4, 10.5, 4.5, 11], "texture": "#1"},
				"up": {"uv": [11, 4.5, 10.5, 4], "texture": "#1"},
				"down": {"uv": [5, 10.5, 4.5, 11], "texture": "#1"}
			}
		},
		{
			"from": [1, 0, 7.5],
			"to": [2, 3, 8.5],
			"rotation": {"angle": 0, "axis": "y", "origin": [0, 0, 5]},
			"faces": {
				"north": {"uv": [0, 9, 0.5, 10.5], "texture": "#1"},
				"east": {"uv": [0.5, 9, 1, 10.5], "texture": "#1"},
				"south": {"uv": [1, 9, 1.5, 10.5], "texture": "#1"},
				"west": {"uv": [1.5, 9, 2, 10.5], "texture": "#1"},
				"up": {"uv": [11, 5, 10.5, 4.5], "texture": "#1"},
				"down": {"uv": [5.5, 10.5, 5, 11], "texture": "#1"}
			}
		},
		{
			"from": [2, 1, 7.5],
			"to": [3, 4, 8.5],
			"rotation": {"angle": 0, "axis": "y", "origin": [0, 0, 5]},
			"faces": {
				"north": {"uv": [2, 9, 2.5, 10.5], "texture": "#1"},
				"east": {"uv": [2.5, 9, 3, 10.5], "texture": "#1"},
				"south": {"uv": [3, 9, 3.5, 10.5], "texture": "#1"},
				"west": {"uv": [9, 3, 9.5, 4.5], "texture": "#1"},
				"up": {"uv": [11, 5.5, 10.5, 5], "texture": "#1"},
				"down": {"uv": [6, 10.5, 5.5, 11], "texture": "#1"}
			}
		},
		{
			"from": [3, 2, 7.5],
			"to": [4, 5, 8.5],
			"rotation": {"angle": 0, "axis": "y", "origin": [0, 0, 5]},
			"faces": {
				"north": {"uv": [3.5, 9, 4, 10.5], "texture": "#1"},
				"east": {"uv": [4, 9, 4.5, 10.5], "texture": "#1"},
				"south": {"uv": [4.5, 9, 5, 10.5], "texture": "#1"},
				"west": {"uv": [9, 4.5, 9.5, 6], "texture": "#1"},
				"up": {"uv": [11, 6, 10.5, 5.5], "texture": "#1"},
				"down": {"uv": [6.5, 10.5, 6, 11], "texture": "#1"}
			}
		},
		{
			"from": [4, 3, 7.5],
			"to": [5, 6, 8.5],
			"rotation": {"angle": 0, "axis": "y", "origin": [0, 0, 5]},
			"faces": {
				"north": {"uv": [5, 9, 5.5, 10.5], "texture": "#1"},
				"east": {"uv": [5.5, 9, 6, 10.5], "texture": "#1"},
				"south": {"uv": [6, 9, 6.5, 10.5], "texture": "#1"},
				"west": {"uv": [9, 6, 9.5, 7.5], "texture": "#1"},
				"up": {"uv": [11, 6.5, 10.5, 6], "texture": "#1"},
				"down": {"uv": [7, 10.5, 6.5, 11], "texture": "#1"}
			}
		},
		{
			"from": [5, 4, 7.5],
			"to": [6, 7, 8.5],
			"rotation": {"angle": 0, "axis": "y", "origin": [0, 0, 5]},
			"faces": {
				"north": {"uv": [6.5, 9, 7, 10.5], "texture": "#1"},
				"east": {"uv": [7, 9, 7.5, 10.5], "texture": "#1"},
				"south": {"uv": [7.5, 9, 8, 10.5], "texture": "#1"},
				"west": {"uv": [9, 7.5, 9.5, 9], "texture": "#1"},
				"up": {"uv": [11, 7, 10.5, 6.5], "texture": "#1"},
				"down": {"uv": [7.5, 10.5, 7, 11], "texture": "#1"}
			}
		},
		{
			"from": [6, 5, 7.5],
			"to": [7, 8, 8.5],
			"rotation": {"angle": 0, "axis": "y", "origin": [0, 0, 5]},
			"faces": {
				"north": {"uv": [8, 9, 8.5, 10.5], "texture": "#1"},
				"east": {"uv": [8.5, 9, 9, 10.5], "texture": "#1"},
				"south": {"uv": [9, 9, 9.5, 10.5], "texture": "#1"},
				"west": {"uv": [9.5, 3, 10, 4.5], "texture": "#1"},
				"up": {"uv": [11, 7.5, 10.5, 7], "texture": "#1"},
				"down": {"uv": [8, 10.5, 7.5, 11], "texture": "#1"}
			}
		},
		{
			"from": [7, 6, 7.5],
			"to": [8, 9, 8.5],
			"rotation": {"angle": 0, "axis": "y", "origin": [0, 0, 5]},
			"faces": {
				"north": {"uv": [9.5, 4.5, 10, 6], "texture": "#1"},
				"east": {"uv": [9.5, 6, 10, 7.5], "texture": "#1"},
				"south": {"uv": [9.5, 7.5, 10, 9], "texture": "#1"},
				"west": {"uv": [9.5, 9, 10, 10.5], "texture": "#1"},
				"up": {"uv": [11, 8, 10.5, 7.5], "texture": "#1"},
				"down": {"uv": [8.5, 10.5, 8, 11], "texture": "#1"}
			}
		},
		{
			"from": [8, 7, 7.5],
			"to": [9, 10, 8.5],
			"rotation": {"angle": 0, "axis": "y", "origin": [0, 0, 5]},
			"faces": {
				"north": {"uv": [10, 3, 10.5, 4.5], "texture": "#1"},
				"east": {"uv": [10, 4.5, 10.5, 6], "texture": "#1"},
				"south": {"uv": [10, 6, 10.5, 7.5], "texture": "#1"},
				"west": {"uv": [10, 7.5, 10.5, 9], "texture": "#1"},
				"up": {"uv": [11, 8.5, 10.5, 8], "texture": "#1"},
				"down": {"uv": [9, 10.5, 8.5, 11], "texture": "#1"}
			}
		},
		{
			"from": [9, 8, 7.5],
			"to": [10, 11, 8.5],
			"rotation": {"angle": 0, "axis": "y", "origin": [0, 0, 5]},
			"faces": {
				"north": {"uv": [10, 9, 10.5, 10.5], "texture": "#1"},
				"east": {"uv": [0, 10.5, 0.5, 12], "texture": "#1"},
				"south": {"uv": [0.5, 10.5, 1, 12], "texture": "#1"},
				"west": {"uv": [1, 10.5, 1.5, 12], "texture": "#1"},
				"up": {"uv": [11, 9, 10.5, 8.5], "texture": "#1"},
				"down": {"uv": [9.5, 10.5, 9, 11], "texture": "#1"}
			}
		},
		{
			"from": [10, 9, 7.5],
			"to": [11, 12, 8.5],
			"rotation": {"angle": 0, "axis": "y", "origin": [0, 0, 5]},
			"faces": {
				"north": {"uv": [1.5, 10.5, 2, 12], "texture": "#1"},
				"east": {"uv": [2, 10.5, 2.5, 12], "texture": "#1"},
				"south": {"uv": [2.5, 10.5, 3, 12], "texture": "#1"},
				"west": {"uv": [3, 10.5, 3.5, 12], "texture": "#1"},
				"up": {"uv": [11, 9.5, 10.5, 9], "texture": "#1"},
				"down": {"uv": [10, 10.5, 9.5, 11], "texture": "#1"}
			}
		},
		{
			"from": [-2.5, 11, 5],
			"to": [9.5, 17, 11],
			"rotation": {"angle": -45, "axis": "z", "origin": [5.5, 3, 9]},
			"faces": {
				"north": {"uv": [0, 0, 6, 3], "texture": "#1"},
				"east": {"uv": [6, 3, 9, 6], "texture": "#1"},
				"south": {"uv": [0, 3, 6, 6], "texture": "#1"},
				"west": {"uv": [6, 6, 9, 9], "texture": "#1"},
				"up": {"uv": [6, 9, 0, 6], "texture": "#1"},
				"down": {"uv": [12, 0, 6, 3], "texture": "#1"}
			}
		}
	],
	"display": {
		"thirdperson_righthand": {
			"rotation": [0, -90, 45],
			"translation": [0, 6.5, 1.75],
			"scale": [1.15, 1.15, 1.15]
		},
		"thirdperson_lefthand": {
			"rotation": [0, -90, -45],
			"translation": [0, 6.5, 1.75],
			"scale": [1.15, 1.15, 1.15]
		},
		"firstperson_righthand": {
			"rotation": [0, -90, 25],
			"translation": [1.13, 3.2, 1.13],
			"scale": [0.68, 0.68, 0.68]
		},
		"firstperson_lefthand": {
			"rotation": [0, 90, -25],
			"translation": [1.13, 3.2, 1.13],
			"scale": [0.68, 0.68, 0.68]
		},
		"ground": {
			"translation": [0, 2, 0],
			"scale": [0.5, 0.5, 0.5]
		},
		"gui": {
			"rotation": [-10, -32, 0],
			"translation": [-0.75, -0.75, 0],
			"scale": [0.8, 0.8, 0.8]
		},
		"fixed": {
			"rotation": [0, 180, 0],
			"scale": [0.9, 0.9, 0.9]
		}
	},
	"groups": [
		{
			"name": "group",
			"origin": [8, 8, 8],
			"color": 0,
			"children": [
				{
					"name": "rod",
					"origin": [8, 8, 8],
					"color": 0,
					"children": [0, 1, 2, 3, 4, 5, 6, 7, 8, 9, 10]
				},
				{
					"name": "head",
					"origin": [8, 8, 8],
					"color": 0,
					"children": [11]
				}
			]
		}
	]
}