{
	"credit": "Made with Blockbench",
	"texture_size": [32, 32],
	"textures": {
		"0": "items/custom/carved_pumpkin/panda/panda_static",
		"particle": "items/custom/carved_pumpkin/panda/panda_static"
	},
	"elements": [
		{
			"from": [6, -0.25, 0],
			"to": [10, 2.75, 2],
			"faces": {
				"north": {"uv": [12, 0, 14, 1.5], "texture": "#0"},
				"east": {"uv": [12.5, 14, 13.5, 15.5], "texture": "#0"},
				"south": {"uv": [12, 1.5, 14, 3], "texture": "#0"},
				"west": {"uv": [13.5, 14, 14.5, 15.5], "texture": "#0"},
				"up": {"uv": [16, 6, 14, 5], "texture": "#0"},
				"down": {"uv": [12.5, 14, 10.5, 15], "texture": "#0"}
			}
		},
		{
			"from": [7.5, -0.75, -0.25],
			"to": [8.5, 0.25, 0],
			"faces": {
				"north": {"uv": [5.5, 10, 6, 10.5], "texture": "#0"},
				"east": {"uv": [5.5, 10.5, 6, 11], "texture": "#0"},
				"south": {"uv": [5.5, 11, 6, 11.5], "texture": "#0"},
				"west": {"uv": [5.5, 11.5, 6, 12], "texture": "#0"},
				"up": {"uv": [12.5, 6, 12, 5.5], "texture": "#0"},
				"down": {"uv": [11, 12, 10.5, 12.5], "texture": "#0"}
			}
		},
		{
			"from": [4, 0, 1],
			"to": [12, 5, 4],
			"faces": {
				"north": {"uv": [0, 10, 4, 12.5], "texture": "#0"},
				"east": {"uv": [4, 10, 5.5, 12.5], "texture": "#0"},
				"south": {"uv": [11, 6, 15, 8.5], "texture": "#0"},
				"west": {"uv": [11, 11.5, 12.5, 14], "texture": "#0"},
				"up": {"uv": [15, 10, 11, 8.5], "texture": "#0"},
				"down": {"uv": [15, 10, 11, 11.5], "texture": "#0"}
			}
		},
		{
			"from": [3.75, 3.25, 0.75],
			"to": [5.75, 5.25, 2.75],
			"faces": {
				"north": {"uv": [5, 14.5, 6, 15.5], "texture": "#0"},
				"east": {"uv": [6, 14.5, 7, 15.5], "texture": "#0"},
				"south": {"uv": [7, 14.5, 8, 15.5], "texture": "#0"},
				"west": {"uv": [8, 14.5, 9, 15.5], "texture": "#0"},
				"up": {"uv": [10, 15.5, 9, 14.5], "texture": "#0"},
				"down": {"uv": [15.5, 11.5, 14.5, 12.5], "texture": "#0"}
			}
		},
		{
			"from": [10.25, 3.25, 0.75],
			"to": [12.25, 5.25, 2.75],
			"faces": {
				"north": {"uv": [14.5, 12.5, 15.5, 13.5], "texture": "#0"},
				"east": {"uv": [14.5, 13.5, 15.5, 14.5], "texture": "#0"},
				"south": {"uv": [14.5, 14.5, 15.5, 15.5], "texture": "#0"},
				"west": {"uv": [0, 15, 1, 16], "texture": "#0"},
				"up": {"uv": [16, 1, 15, 0], "texture": "#0"},
				"down": {"uv": [2, 15, 1, 16], "texture": "#0"}
			}
		},
		{
			"from": [2, 0, 4],
			"to": [14, 6, 14],
			"faces": {
				"north": {"uv": [6, 0, 12, 3], "texture": "#0"},
				"east": {"uv": [6, 6, 11, 9], "texture": "#0"},
				"south": {"uv": [6, 3, 12, 6], "texture": "#0"},
				"west": {"uv": [6, 9, 11, 12], "texture": "#0"},
				"up": {"uv": [6, 5, 0, 0], "texture": "#0"},
				"down": {"uv": [6, 5, 0, 10], "texture": "#0"}
			}
		},
		{
			"from": [0, -2, 4.05],
			"to": [2, 3, 6.05],
			"rotation": {"angle": -22.5, "axis": "z", "origin": [0, 0, 0]},
			"faces": {
				"north": {"uv": [12, 3, 13, 5.5], "texture": "#0"},
				"east": {"uv": [5.5, 12, 6.5, 14.5], "texture": "#0"},
				"south": {"uv": [6.5, 12, 7.5, 14.5], "texture": "#0"},
				"west": {"uv": [7.5, 12, 8.5, 14.5], "texture": "#0"},
				"up": {"uv": [16, 2, 15, 1], "texture": "#0"},
				"down": {"uv": [3, 15, 2, 16], "texture": "#0"}
			}
		},
		{
			"from": [0, -2, 11.95],
			"to": [2, 3, 13.95],
			"rotation": {"angle": -22.5, "axis": "z", "origin": [0, 0, -1]},
			"faces": {
				"north": {"uv": [8.5, 12, 9.5, 14.5], "texture": "#0"},
				"east": {"uv": [9.5, 12, 10.5, 14.5], "texture": "#0"},
				"south": {"uv": [0, 12.5, 1, 15], "texture": "#0"},
				"west": {"uv": [1, 12.5, 2, 15], "texture": "#0"},
				"up": {"uv": [16, 3, 15, 2], "texture": "#0"},
				"down": {"uv": [4, 15, 3, 16], "texture": "#0"}
			}
		},
		{
			"from": [14, -2, 11.95],
			"to": [16, 3, 13.95],
			"rotation": {"angle": 22.5, "axis": "z", "origin": [16, 0, -1]},
			"faces": {
				"north": {"uv": [2, 12.5, 3, 15], "texture": "#0"},
				"east": {"uv": [3, 12.5, 4, 15], "texture": "#0"},
				"south": {"uv": [4, 12.5, 5, 15], "texture": "#0"},
				"west": {"uv": [12.5, 11.5, 13.5, 14], "texture": "#0"},
				"up": {"uv": [16, 4, 15, 3], "texture": "#0"},
				"down": {"uv": [5, 15, 4, 16], "texture": "#0"}
			}
		},
		{
			"from": [14, -2, 4.05],
			"to": [16, 3, 6.05],
			"rotation": {"angle": 22.5, "axis": "z", "origin": [16, 0, 0]},
			"faces": {
				"north": {"uv": [13, 3, 14, 5.5], "texture": "#0"},
				"east": {"uv": [13.5, 11.5, 14.5, 14], "texture": "#0"},
				"south": {"uv": [14, 0, 15, 2.5], "texture": "#0"},
				"west": {"uv": [14, 2.5, 15, 5], "texture": "#0"},
				"up": {"uv": [16, 5, 15, 4], "texture": "#0"},
				"down": {"uv": [16, 6, 15, 7], "texture": "#0"}
			}
		},
		{
			"from": [7, 2, 13.5],
			"to": [9, 4, 15.5],
			"rotation": {"angle": 0, "axis": "y", "origin": [0, 0, -1]},
			"faces": {
				"north": {"uv": [15, 7, 16, 8], "texture": "#0"},
				"east": {"uv": [15, 8, 16, 9], "texture": "#0"},
				"south": {"uv": [15, 9, 16, 10], "texture": "#0"},
				"west": {"uv": [10, 15, 11, 16], "texture": "#0"},
				"up": {"uv": [16, 11, 15, 10], "texture": "#0"},
				"down": {"uv": [12, 15, 11, 16], "texture": "#0"}
			}
		}
	],
	"display": {
		"thirdperson_righthand": {
			"rotation": [-180, 0, -180],
			"translation": [0, 2.75, 2.5],
			"scale": [0.3418, 0.3418, 0.3418]
		},
		"thirdperson_lefthand": {
			"rotation": [-180, 0, -180],
			"translation": [0, 2.75, 2.5],
			"scale": [0.3418, 0.3418, 0.3418]
		},
		"firstperson_righthand": {
			"rotation": [118.19, 49.62, -128.69],
			"translation": [0, 4.25, 2.5],
			"scale": [0.3418, 0.3418, 0.3418]
		},
		"firstperson_lefthand": {
			"rotation": [118.19, 49.62, -128.69],
			"translation": [0, 4.25, 2.5],
			"scale": [0.3418, 0.3418, 0.3418]
		},
		"ground": {
			"rotation": [-180, 0, 0],
			"translation": [0, -6, 0]
		},
		"gui": {
			"rotation": [45, 135, 0],
			"translation": [-0.75, 3, -8],
			"scale": [0.72461, 0.72461, 0.72461]
		},
		"head": {
			"translation": [0, 14.5, 0.25]
		},
		"fixed": {
			"rotation": [-90, 0, 0],
			"translation": [0, 0, -8]
		}
	},
	"groups": [
		{
			"name": "main",
			"origin": [8, 8, 8],
			"color": 0,
			"children": [
				{
					"name": "static",
					"origin": [0, 0, -1],
					"color": 0,
					"children": [0, 1, 2, 3, 4, 5, 6, 7, 8, 9, 10]
				}
			]
		}
	]
}