{
	"credit": "Made with Blockbench",
	"parent": "minecraft:item/generated",
	"textures": {
		"layer0": "item/netherite_axe"
	},
	"overrides": [
		{
			"predicate": {
				"custom_model_data": 100000
			},
			"model": "item/overrides/netherite_axe/axe"
		},
		{
			"predicate": {
				"custom_model_data": 100001
			},
			"model": "item/overrides/netherite_axe/cursed_axe"
		},
		{
			"predicate": {
				"custom_model_data": 100002
			},
			"model": "item/overrides/netherite_axe/double_axe"
		},
		{
			"predicate": {
				"custom_model_data": 100003
			},
			"model": "item/overrides/netherite_axe/firebrand"
		},
		{
			"predicate": {
				"custom_model_data": 100004
			},
			"model": "item/overrides/netherite_axe/highland_axe"
		},
		{
			"predicate": {
				"custom_model_data": 100005
			},
			"model": "item/overrides/netherite_axe/whirlwind"
		}
	],
	"display": {
		"thirdperson_righthand": {
			"rotation": [0, -90, 55],
			"translation": [0, 4, 0.5],
			"scale": [0.85, 0.85, 0.85]
		},
		"thirdperson_lefthand": {
			"rotation": [0, 90, -55],
			"translation": [0, 4, 0.5],
			"scale": [0.85, 0.85, 0.85]
		},
		"firstperson_righthand": {
			"rotation": [0, -90, 25],
			"translation": [1.13, 3.2, 1.13],
			"scale": [0.68, 0.68, 0.68]
		},
		"firstperson_lefthand": {
			"rotation": [0, 90, -25],
			"translation": [1.13, 3.2, 1.13],
			"scale": [0.68, 0.68, 0.68]
		},
		"ground": {
			"translation": [0, 2, 0],
			"scale": [0.5, 0.5, 0.5]
		},
		"head": {
			"rotation": [0, 180, 0],
			"translation": [0, 13, 7]
		},
		"fixed": {
			"rotation": [0, 180, 0]
		}
	}
}
