{
	"parent": "minecraft:block/carved_pumpkin",
	"overrides": [
		{ "predicate": {"custom_model_data": 100000}, "model": "item/overrides/carved_pumpkin/duck_halo"},
		{ "predicate": {"custom_model_data": 100001}, "model": "item/overrides/carved_pumpkin/pumpjack"},
		{ "predicate": {"custom_model_data": 100002}, "model": "item/overrides/carved_pumpkin/mohawlk"},
		{ "predicate": {"custom_model_data": 100003}, "model": "item/overrides/carved_pumpkin/axolotlhat"},
		{ "predicate": {"custom_model_data": 100004}, "model": "item/overrides/carved_pumpkin/panda"}
  ]
}
