{
	"parent": "minecraft:item/handheld",
	"textures": {
		"layer0": "item/netherite_axe"
	},
	"overrides": [
		{"predicate": {"custom_model_data": 100000},"model": "item/overrides/netherite_axe/axe"},
		{"predicate": {"custom_model_data": 100001},"model": "item/overrides/netherite_axe/cursed_axe"},
		{"predicate": {"custom_model_data": 100002},"model": "item/overrides/netherite_axe/double_axe"},
		{"predicate": {"custom_model_data": 100003},"model": "item/overrides/netherite_axe/firebrand"},
		{"predicate": {"custom_model_data": 100004},"model": "item/overrides/netherite_axe/highland_axe"},
		{"predicate": {"custom_model_data": 100005},"model": "item/overrides/netherite_axe/whirlwind"},
		{"predicate": {"custom_model_data": 100006},"model": "item/overrides/netherite_axe/great_hammer"},
		{"predicate": {"custom_model_data": 100007},"model": "item/overrides/netherite_axe/hammer_of_gravity"},
		{"predicate": {"custom_model_data": 100008},"model": "item/overrides/netherite_axe/stormlander"}
	]
}
