{
	"credit": "Made with Blockbench",
	"textures": {
		"0": "items/custom/netherite_sword/fangs_of_frost",
		"particle": "items/custom/netherite_sword/fangs_of_frost"
	},
	"elements": [
		{
			"from": [0, 0, 7.5],
			"to": [2, 1, 8.5],
			"faces": {
				"north": {"uv": [1, 13, 3, 14], "texture": "#0"},
				"east": {"uv": [2, 13, 3, 14], "texture": "#0"},
				"south": {"uv": [1, 13, 3, 14], "texture": "#0"},
				"west": {"uv": [1, 13, 2, 14], "texture": "#0"},
				"up": {"uv": [1, 13, 3, 14], "texture": "#0"},
				"down": {"uv": [1, 13, 3, 14], "texture": "#0"}
			}
		},
		{
			"from": [0, 1, 7.5],
			"to": [1, 2, 8.5],
			"faces": {
				"north": {"uv": [1, 12, 2, 13], "texture": "#0"},
				"east": {"uv": [1, 12, 2, 13], "texture": "#0"},
				"south": {"uv": [1, 12, 2, 13], "texture": "#0"},
				"west": {"uv": [1, 12, 2, 13], "texture": "#0"},
				"up": {"uv": [1, 12, 2, 13], "texture": "#0"},
				"down": {"uv": [1, 12, 2, 13], "texture": "#0"}
			}
		},
		{
			"from": [5, 3, 7],
			"to": [6, 4, 9],
			"faces": {
				"north": {"uv": [1, 12, 2, 13], "texture": "#0"},
				"east": {"uv": [1, 12, 2, 13], "texture": "#0"},
				"south": {"uv": [1, 12, 2, 13], "texture": "#0"},
				"west": {"uv": [1, 12, 2, 13], "texture": "#0"},
				"up": {"uv": [1, 12, 2, 13], "texture": "#0"},
				"down": {"uv": [1, 12, 2, 13], "texture": "#0"}
			}
		},
		{
			"from": [2, 4, 7],
			"to": [5, 5, 9],
			"faces": {
				"north": {"uv": [3, 9, 6, 10], "texture": "#0"},
				"east": {"uv": [5, 9, 6, 10], "texture": "#0"},
				"south": {"uv": [3, 9, 6, 10], "texture": "#0"},
				"west": {"uv": [3, 9, 4, 10], "texture": "#0"},
				"up": {"uv": [3, 9, 6, 10], "texture": "#0"},
				"down": {"uv": [3, 9, 6, 10], "texture": "#0"}
			}
		},
		{
			"from": [4, 3, 7.5],
			"to": [5, 4, 8.5],
			"faces": {
				"north": {"uv": [5, 10, 6, 11], "texture": "#0"},
				"east": {"uv": [5, 10, 6, 11], "texture": "#0"},
				"south": {"uv": [5, 10, 6, 11], "texture": "#0"},
				"west": {"uv": [5, 10, 6, 11], "texture": "#0"},
				"up": {"uv": [5, 10, 6, 11], "texture": "#0"},
				"down": {"uv": [5, 10, 6, 11], "texture": "#0"}
			}
		},
		{
			"from": [5, 4, 7.5],
			"to": [6, 5, 8.5],
			"faces": {
				"north": {"uv": [5, 10, 6, 11], "texture": "#0"},
				"east": {"uv": [5, 10, 6, 11], "texture": "#0"},
				"south": {"uv": [5, 10, 6, 11], "texture": "#0"},
				"west": {"uv": [5, 10, 6, 11], "texture": "#0"},
				"up": {"uv": [5, 10, 6, 11], "texture": "#0"},
				"down": {"uv": [5, 10, 6, 11], "texture": "#0"}
			}
		},
		{
			"from": [4, 5, 7.75],
			"to": [7, 6, 8.25],
			"faces": {
				"north": {"uv": [5, 8, 8, 9], "rotation": 180, "texture": "#0"},
				"east": {"uv": [7, 8, 8, 9], "texture": "#0"},
				"south": {"uv": [5, 8, 8, 9], "texture": "#0"},
				"west": {"uv": [5, 8, 6, 9], "texture": "#0"},
				"up": {"uv": [5, 8, 8, 9], "texture": "#0"},
				"down": {"uv": [5, 8, 8, 9], "texture": "#0"}
			}
		},
		{
			"from": [5, 6, 7.75],
			"to": [8, 7, 8.25],
			"faces": {
				"north": {"uv": [6, 7, 9, 8], "rotation": 180, "texture": "#0"},
				"east": {"uv": [8, 7, 9, 8], "texture": "#0"},
				"south": {"uv": [6, 7, 9, 8], "texture": "#0"},
				"west": {"uv": [6, 7, 7, 8], "texture": "#0"},
				"up": {"uv": [6, 7, 9, 8], "texture": "#0"},
				"down": {"uv": [6, 7, 9, 8], "texture": "#0"}
			}
		},
		{
			"from": [6, 7, 7.75],
			"to": [9, 8, 8.25],
			"faces": {
				"north": {"uv": [6, 7, 9, 8], "rotation": 180, "texture": "#0"},
				"east": {"uv": [8, 7, 9, 8], "texture": "#0"},
				"south": {"uv": [6, 7, 9, 8], "texture": "#0"},
				"west": {"uv": [6, 7, 7, 8], "texture": "#0"},
				"up": {"uv": [6, 7, 9, 8], "texture": "#0"},
				"down": {"uv": [6, 7, 9, 8], "texture": "#0"}
			}
		},
		{
			"from": [7, 8, 7.75],
			"to": [10, 9, 8.25],
			"faces": {
				"north": {"uv": [8, 5, 11, 6], "rotation": 180, "texture": "#0"},
				"east": {"uv": [10, 5, 11, 6], "texture": "#0"},
				"south": {"uv": [8, 5, 11, 6], "texture": "#0"},
				"west": {"uv": [8, 5, 9, 6], "texture": "#0"},
				"up": {"uv": [8, 5, 11, 6], "texture": "#0"},
				"down": {"uv": [8, 5, 11, 6], "texture": "#0"}
			}
		},
		{
			"from": [8, 9, 7.75],
			"to": [11, 10, 8.25],
			"faces": {
				"north": {"uv": [8, 5, 11, 6], "rotation": 180, "texture": "#0"},
				"east": {"uv": [10, 5, 11, 6], "texture": "#0"},
				"south": {"uv": [8, 5, 11, 6], "texture": "#0"},
				"west": {"uv": [8, 5, 9, 6], "texture": "#0"},
				"up": {"uv": [8, 5, 11, 6], "texture": "#0"},
				"down": {"uv": [8, 5, 11, 6], "texture": "#0"}
			}
		},
		{
			"from": [9, 10, 7.75],
			"to": [13, 11, 8.25],
			"faces": {
				"north": {"uv": [10, 3, 14, 4], "rotation": 180, "texture": "#0"},
				"east": {"uv": [13, 3, 14, 4], "texture": "#0"},
				"south": {"uv": [10, 3, 14, 4], "texture": "#0"},
				"west": {"uv": [10, 3, 11, 4], "texture": "#0"},
				"up": {"uv": [10, 3, 14, 4], "texture": "#0"},
				"down": {"uv": [10, 3, 14, 4], "texture": "#0"}
			}
		},
		{
			"from": [10, 11, 7.75],
			"to": [14, 12, 8.25],
			"faces": {
				"north": {"uv": [11, 2, 15, 3], "rotation": 180, "texture": "#0"},
				"east": {"uv": [14, 2, 15, 3], "texture": "#0"},
				"south": {"uv": [11, 2, 15, 3], "texture": "#0"},
				"west": {"uv": [11, 2, 12, 3], "texture": "#0"},
				"up": {"uv": [11, 2, 15, 3], "texture": "#0"},
				"down": {"uv": [11, 2, 15, 3], "texture": "#0"}
			}
		},
		{
			"from": [3, 5, 7.5],
			"to": [4, 6, 8.5],
			"faces": {
				"north": {"uv": [4, 8, 5, 9], "texture": "#0"},
				"east": {"uv": [4, 8, 5, 9], "texture": "#0"},
				"south": {"uv": [4, 8, 5, 9], "texture": "#0"},
				"west": {"uv": [4, 8, 5, 9], "texture": "#0"},
				"up": {"uv": [4, 8, 5, 9], "texture": "#0"},
				"down": {"uv": [4, 8, 5, 9], "texture": "#0"}
			}
		},
		{
			"from": [1, 1, 7.75],
			"to": [3, 3, 8.25],
			"faces": {
				"north": {"uv": [2, 11, 4, 13], "rotation": 90, "texture": "#0"},
				"east": {"uv": [3, 11, 4, 13], "texture": "#0"},
				"south": {"uv": [2, 11, 4, 13], "texture": "#0"},
				"west": {"uv": [2, 11, 3, 13], "texture": "#0"},
				"up": {"uv": [2, 11, 4, 12], "texture": "#0"},
				"down": {"uv": [2, 12, 4, 13], "texture": "#0"}
			}
		},
		{
			"from": [2, 2, 7.775],
			"to": [4, 4, 8.225],
			"faces": {
				"north": {"uv": [3, 10, 5, 12], "rotation": 90, "texture": "#0"},
				"east": {"uv": [4, 10, 5, 12], "texture": "#0"},
				"south": {"uv": [3, 10, 5, 12], "texture": "#0"},
				"west": {"uv": [3, 10, 4, 12], "texture": "#0"},
				"up": {"uv": [3, 10, 5, 11], "texture": "#0"},
				"down": {"uv": [3, 11, 5, 12], "texture": "#0"}
			}
		}
	],
	"display": {
		"thirdperson_righthand": {
			"rotation": [9.5, -90, 55],
			"translation": [0, 5.75, 0.75],
			"scale": [0.85, 0.85, 0.85]
		},
		"thirdperson_lefthand": {
			"rotation": [14, 90, -55],
			"translation": [0, 5, 1],
			"scale": [0.85, 0.85, 0.85]
		},
		"firstperson_righthand": {
			"rotation": [0, -90, 25],
			"translation": [1.63, 3.2, 1.63],
			"scale": [0.68, 0.68, 0.68]
		},
		"firstperson_lefthand": {
			"rotation": [0, 90, -25],
			"translation": [2.13, 3.2, 1.88],
			"scale": [0.68, 0.68, 0.68]
		},
		"ground": {
			"translation": [0, 2, 0],
			"scale": [0.5, 0.5, 0.5]
		},
		"gui": {
			"translation": [1, 1.75, 0]
		},
		"fixed": {
			"rotation": [0, 180, 0],
			"translation": [-1.5, 1.25, 0]
		}
	},
	"groups": [
		{
			"name": "group",
			"origin": [8, 8, 8],
			"color": 0,
			"children": [0, 1, 2, 3, 4, 5, 6, 7, 8, 9, 10, 11, 12, 13, 14, 15]
		}
	]
}