{
	"parent": "minecraft:item/handheld",
	"textures": {
		"layer0": "item/netherite_axe"
	},
	"overrides": [
		{"predicate": {"custom_model_data": 100000},"model": "item/overrides/netherite_axe/axe"},
		{"predicate": {"custom_model_data": 100001},"model": "item/overrides/netherite_axe/cursed_axe"},
		{"predicate": {"custom_model_data": 100002},"model": "item/overrides/netherite_axe/double_axe"},
		{"predicate": {"custom_model_data": 100003},"model": "item/overrides/netherite_axe/firebrand"},
		{"predicate": {"custom_model_data": 100004},"model": "item/overrides/netherite_axe/highland_axe"},
		{"predicate": {"custom_model_data": 100005},"model": "item/overrides/netherite_axe/whirlwind"}
	]
}
