{
	"credit": "Made with Blockbench",
	"texture_size": [32, 32],
	"textures": {
		"1": "items/custom/netherite_axe/stormlander_base",
		"2": "items/custom/netherite_axe/stormlander",
		"particle": "items/custom/netherite_axe/stormlander"
	},
	"elements": [
		{
			"from": [0, 1, 7.5],
			"to": [1, 2, 8.5],
			"rotation": {"angle": 0, "axis": "y", "origin": [0, 0, 5]},
			"faces": {
				"north": {"uv": [10.5, 3, 11, 3.5], "texture": "#1"},
				"east": {"uv": [3.5, 10.5, 4, 11], "texture": "#1"},
				"south": {"uv": [10.5, 3.5, 11, 4], "texture": "#1"},
				"west": {"uv": [4, 10.5, 4.5, 11], "texture": "#1"},
				"up": {"uv": [11, 4.5, 10.5, 4], "texture": "#1"},
				"down": {"uv": [5, 10.5, 4.5, 11], "texture": "#1"}
			}
		},
		{
			"from": [1, 0, 7.5],
			"to": [2, 3, 8.5],
			"rotation": {"angle": 0, "axis": "y", "origin": [0, 0, 5]},
			"faces": {
				"north": {"uv": [0, 9, 0.5, 10.5], "texture": "#1"},
				"east": {"uv": [0.5, 9, 1, 10.5], "texture": "#1"},
				"south": {"uv": [1, 9, 1.5, 10.5], "texture": "#1"},
				"west": {"uv": [1.5, 9, 2, 10.5], "texture": "#1"},
				"up": {"uv": [11, 5, 10.5, 4.5], "texture": "#1"},
				"down": {"uv": [5.5, 10.5, 5, 11], "texture": "#1"}
			}
		},
		{
			"from": [2, 1, 7.5],
			"to": [3, 4, 8.5],
			"rotation": {"angle": 0, "axis": "y", "origin": [0, 0, 5]},
			"faces": {
				"north": {"uv": [2, 9, 2.5, 10.5], "texture": "#1"},
				"east": {"uv": [2.5, 9, 3, 10.5], "texture": "#1"},
				"south": {"uv": [3, 9, 3.5, 10.5], "texture": "#1"},
				"west": {"uv": [9, 3, 9.5, 4.5], "texture": "#1"},
				"up": {"uv": [11, 5.5, 10.5, 5], "texture": "#1"},
				"down": {"uv": [6, 10.5, 5.5, 11], "texture": "#1"}
			}
		},
		{
			"from": [3, 2, 7.5],
			"to": [4, 5, 8.5],
			"rotation": {"angle": 0, "axis": "y", "origin": [0, 0, 5]},
			"faces": {
				"north": {"uv": [3.5, 9, 4, 10.5], "texture": "#1"},
				"east": {"uv": [4, 9, 4.5, 10.5], "texture": "#1"},
				"south": {"uv": [4.5, 9, 5, 10.5], "texture": "#1"},
				"west": {"uv": [9, 4.5, 9.5, 6], "texture": "#1"},
				"up": {"uv": [11, 6, 10.5, 5.5], "texture": "#1"},
				"down": {"uv": [6.5, 10.5, 6, 11], "texture": "#1"}
			}
		},
		{
			"from": [4, 3, 7.5],
			"to": [5, 6, 8.5],
			"rotation": {"angle": 0, "axis": "y", "origin": [0, 0, 5]},
			"faces": {
				"north": {"uv": [5, 9, 5.5, 10.5], "texture": "#1"},
				"east": {"uv": [5.5, 9, 6, 10.5], "texture": "#1"},
				"south": {"uv": [6, 9, 6.5, 10.5], "texture": "#1"},
				"west": {"uv": [9, 6, 9.5, 7.5], "texture": "#1"},
				"up": {"uv": [11, 6.5, 10.5, 6], "texture": "#1"},
				"down": {"uv": [7, 10.5, 6.5, 11], "texture": "#1"}
			}
		},
		{
			"from": [5, 4, 7.5],
			"to": [6, 7, 8.5],
			"rotation": {"angle": 0, "axis": "y", "origin": [0, 0, 5]},
			"faces": {
				"north": {"uv": [6.5, 9, 7, 10.5], "texture": "#1"},
				"east": {"uv": [7, 9, 7.5, 10.5], "texture": "#1"},
				"south": {"uv": [7.5, 9, 8, 10.5], "texture": "#1"},
				"west": {"uv": [9, 7.5, 9.5, 9], "texture": "#1"},
				"up": {"uv": [11, 7, 10.5, 6.5], "texture": "#1"},
				"down": {"uv": [7.5, 10.5, 7, 11], "texture": "#1"}
			}
		},
		{
			"from": [6, 5, 7.5],
			"to": [7, 8, 8.5],
			"rotation": {"angle": 0, "axis": "y", "origin": [0, 0, 5]},
			"faces": {
				"north": {"uv": [8, 9, 8.5, 10.5], "texture": "#1"},
				"east": {"uv": [8.5, 9, 9, 10.5], "texture": "#1"},
				"south": {"uv": [9, 9, 9.5, 10.5], "texture": "#1"},
				"west": {"uv": [9.5, 3, 10, 4.5], "texture": "#1"},
				"up": {"uv": [11, 7.5, 10.5, 7], "texture": "#1"},
				"down": {"uv": [8, 10.5, 7.5, 11], "texture": "#1"}
			}
		},
		{
			"from": [7, 6, 7.5],
			"to": [8, 9, 8.5],
			"rotation": {"angle": 0, "axis": "y", "origin": [0, 0, 5]},
			"faces": {
				"north": {"uv": [9.5, 4.5, 10, 6], "texture": "#1"},
				"east": {"uv": [9.5, 6, 10, 7.5], "texture": "#1"},
				"south": {"uv": [9.5, 7.5, 10, 9], "texture": "#1"},
				"west": {"uv": [9.5, 9, 10, 10.5], "texture": "#1"},
				"up": {"uv": [11, 8, 10.5, 7.5], "texture": "#1"},
				"down": {"uv": [8.5, 10.5, 8, 11], "texture": "#1"}
			}
		},
		{
			"from": [8, 7, 7.5],
			"to": [9, 10, 8.5],
			"rotation": {"angle": 0, "axis": "y", "origin": [0, 0, 5]},
			"faces": {
				"north": {"uv": [10, 3, 10.5, 4.5], "texture": "#1"},
				"east": {"uv": [10, 4.5, 10.5, 6], "texture": "#1"},
				"south": {"uv": [10, 6, 10.5, 7.5], "texture": "#1"},
				"west": {"uv": [10, 7.5, 10.5, 9], "texture": "#1"},
				"up": {"uv": [11, 8.5, 10.5, 8], "texture": "#1"},
				"down": {"uv": [9, 10.5, 8.5, 11], "texture": "#1"}
			}
		},
		{
			"from": [9, 8, 7.5],
			"to": [10, 11, 8.5],
			"rotation": {"angle": 0, "axis": "y", "origin": [0, 0, 5]},
			"faces": {
				"north": {"uv": [10, 9, 10.5, 10.5], "texture": "#1"},
				"east": {"uv": [0, 10.5, 0.5, 12], "texture": "#1"},
				"south": {"uv": [0.5, 10.5, 1, 12], "texture": "#1"},
				"west": {"uv": [1, 10.5, 1.5, 12], "texture": "#1"},
				"up": {"uv": [11, 9, 10.5, 8.5], "texture": "#1"},
				"down": {"uv": [9.5, 10.5, 9, 11], "texture": "#1"}
			}
		},
		{
			"from": [10, 9, 7.5],
			"to": [11, 12, 8.5],
			"rotation": {"angle": 0, "axis": "y", "origin": [0, 0, 5]},
			"faces": {
				"north": {"uv": [1.5, 10.5, 2, 12], "texture": "#1"},
				"east": {"uv": [2, 10.5, 2.5, 12], "texture": "#1"},
				"south": {"uv": [2.5, 10.5, 3, 12], "texture": "#1"},
				"west": {"uv": [3, 10.5, 3.5, 12], "texture": "#1"},
				"up": {"uv": [11, 9.5, 10.5, 9], "texture": "#1"},
				"down": {"uv": [10, 10.5, 9.5, 11], "texture": "#1"}
			}
		},
		{
			"from": [-2.5, 11, 5],
			"to": [9.5, 17, 11],
			"rotation": {"angle": -45, "axis": "z", "origin": [5.5, 3, 9]},
			"faces": {
				"north": {"uv": [0, 0, 6, 3], "texture": "#1"},
				"east": {"uv": [6, 3, 9, 6], "texture": "#1"},
				"south": {"uv": [0, 3, 6, 6], "texture": "#1"},
				"west": {"uv": [6, 6, 9, 9], "texture": "#1"},
				"up": {"uv": [6, 9, 0, 6], "texture": "#1"},
				"down": {"uv": [12, 0, 6, 3], "texture": "#1"}
			}
		},
		{
			"from": [-1.5, 12, 10.1],
			"to": [-0.5, 16, 11.1],
			"rotation": {"angle": -45, "axis": "z", "origin": [5.5, 3, 9]},
			"faces": {
				"north": {"uv": [0, 0, 6, 3], "texture": "#2"},
				"east": {"uv": [6, 3, 9, 6], "texture": "#2"},
				"south": {"uv": [0, 3, 6, 6], "texture": "#2"},
				"west": {"uv": [6, 6, 9, 9], "texture": "#2"},
				"up": {"uv": [6, 9, 0, 6], "texture": "#2"},
				"down": {"uv": [12, 0, 6, 3], "texture": "#2"}
			}
		},
		{
			"from": [0.5, 16.1, 9],
			"to": [1.5, 17.1, 10],
			"rotation": {"angle": -45, "axis": "z", "origin": [5.5, 3, 9]},
			"faces": {
				"north": {"uv": [0, 0, 6, 3], "texture": "#2"},
				"east": {"uv": [6, 3, 9, 6], "texture": "#2"},
				"south": {"uv": [0, 3, 6, 6], "texture": "#2"},
				"west": {"uv": [6, 6, 9, 9], "texture": "#2"},
				"up": {"uv": [6, 9, 0, 6], "texture": "#2"},
				"down": {"uv": [12, 0, 6, 3], "texture": "#2"}
			}
		},
		{
			"from": [0.5, 16.1, 6],
			"to": [3.5, 17.1, 7],
			"rotation": {"angle": -45, "axis": "z", "origin": [5.5, 3, 9]},
			"faces": {
				"north": {"uv": [0, 0, 6, 3], "texture": "#2"},
				"east": {"uv": [6, 3, 9, 6], "texture": "#2"},
				"south": {"uv": [0, 3, 6, 6], "texture": "#2"},
				"west": {"uv": [6, 6, 9, 9], "texture": "#2"},
				"up": {"uv": [6, 9, 0, 6], "texture": "#2"},
				"down": {"uv": [12, 0, 6, 3], "texture": "#2"}
			}
		},
		{
			"from": [-1.5, 16.2, 7],
			"to": [1.5, 17.2, 8],
			"rotation": {"angle": -45, "axis": "z", "origin": [5.5, 3, 9]},
			"faces": {
				"north": {"uv": [0, 0, 6, 3], "texture": "#2"},
				"east": {"uv": [6, 3, 9, 6], "texture": "#2"},
				"south": {"uv": [0, 3, 6, 6], "texture": "#2"},
				"west": {"uv": [6, 6, 9, 9], "texture": "#2"},
				"up": {"uv": [6, 9, 0, 6], "texture": "#2"},
				"down": {"uv": [12, 0, 6, 3], "texture": "#2"}
			}
		},
		{
			"from": [-1.5, 16.2, 8],
			"to": [-0.5, 17.2, 10],
			"rotation": {"angle": -45, "axis": "z", "origin": [5.5, 3, 9]},
			"faces": {
				"north": {"uv": [0, 0, 6, 3], "texture": "#2"},
				"east": {"uv": [6, 3, 9, 6], "texture": "#2"},
				"south": {"uv": [0, 3, 6, 6], "texture": "#2"},
				"west": {"uv": [6, 6, 9, 9], "texture": "#2"},
				"up": {"uv": [6, 9, 0, 6], "texture": "#2"},
				"down": {"uv": [12, 0, 6, 3], "texture": "#2"}
			}
		},
		{
			"from": [7.5, 16.2, 6],
			"to": [8.5, 17.2, 8],
			"rotation": {"angle": -45, "axis": "z", "origin": [5.5, 3, 9]},
			"faces": {
				"north": {"uv": [0, 0, 6, 3], "texture": "#2"},
				"east": {"uv": [6, 3, 9, 6], "texture": "#2"},
				"south": {"uv": [0, 3, 6, 6], "texture": "#2"},
				"west": {"uv": [6, 6, 9, 9], "texture": "#2"},
				"up": {"uv": [6, 9, 0, 6], "texture": "#2"},
				"down": {"uv": [12, 0, 6, 3], "texture": "#2"}
			}
		},
		{
			"from": [2.5, 16.1, 7],
			"to": [5.5, 17.1, 8],
			"rotation": {"angle": -45, "axis": "z", "origin": [5.5, 3, 9]},
			"faces": {
				"north": {"uv": [0, 0, 6, 3], "texture": "#2"},
				"east": {"uv": [6, 3, 9, 6], "texture": "#2"},
				"south": {"uv": [0, 3, 6, 6], "texture": "#2"},
				"west": {"uv": [6, 6, 9, 9], "texture": "#2"},
				"up": {"uv": [6, 9, 0, 6], "texture": "#2"},
				"down": {"uv": [12, 0, 6, 3], "texture": "#2"}
			}
		},
		{
			"from": [6.5, 16.1, 9],
			"to": [8.5, 17.1, 10],
			"rotation": {"angle": -45, "axis": "z", "origin": [5.5, 3, 9]},
			"faces": {
				"north": {"uv": [0, 0, 6, 3], "texture": "#2"},
				"east": {"uv": [6, 3, 9, 6], "texture": "#2"},
				"south": {"uv": [0, 3, 6, 6], "texture": "#2"},
				"west": {"uv": [6, 6, 9, 9], "texture": "#2"},
				"up": {"uv": [6, 9, 0, 6], "texture": "#2"},
				"down": {"uv": [12, 0, 6, 3], "texture": "#2"}
			}
		},
		{
			"from": [5.5, 16.1, 6],
			"to": [7.5, 17.1, 7],
			"rotation": {"angle": -45, "axis": "z", "origin": [5.5, 3, 9]},
			"faces": {
				"north": {"uv": [0, 0, 6, 3], "texture": "#2"},
				"east": {"uv": [6, 3, 9, 6], "texture": "#2"},
				"south": {"uv": [0, 3, 6, 6], "texture": "#2"},
				"west": {"uv": [6, 6, 9, 9], "texture": "#2"},
				"up": {"uv": [6, 9, 0, 6], "texture": "#2"},
				"down": {"uv": [12, 0, 6, 3], "texture": "#2"}
			}
		},
		{
			"from": [8.6, 14, 6],
			"to": [9.6, 16, 7],
			"rotation": {"angle": -45, "axis": "z", "origin": [5.5, 3, 9]},
			"faces": {
				"north": {"uv": [0, 0, 6, 3], "texture": "#2"},
				"east": {"uv": [6, 3, 9, 6], "texture": "#2"},
				"south": {"uv": [0, 3, 6, 6], "texture": "#2"},
				"west": {"uv": [6, 6, 9, 9], "texture": "#2"},
				"up": {"uv": [6, 9, 0, 6], "texture": "#2"},
				"down": {"uv": [12, 0, 6, 3], "texture": "#2"}
			}
		},
		{
			"from": [8.6, 15, 7],
			"to": [9.6, 16, 10],
			"rotation": {"angle": -45, "axis": "z", "origin": [5.5, 3, 9]},
			"faces": {
				"north": {"uv": [0, 0, 6, 3], "texture": "#2"},
				"east": {"uv": [6, 3, 9, 6], "texture": "#2"},
				"south": {"uv": [0, 3, 6, 6], "texture": "#2"},
				"west": {"uv": [6, 6, 9, 9], "texture": "#2"},
				"up": {"uv": [6, 9, 0, 6], "texture": "#2"},
				"down": {"uv": [12, 0, 6, 3], "texture": "#2"}
			}
		},
		{
			"from": [8.6, 13, 7],
			"to": [9.6, 14, 9],
			"rotation": {"angle": -45, "axis": "z", "origin": [5.5, 3, 9]},
			"faces": {
				"north": {"uv": [0, 0, 6, 3], "texture": "#2"},
				"east": {"uv": [6, 3, 9, 6], "texture": "#2"},
				"south": {"uv": [0, 3, 6, 6], "texture": "#2"},
				"west": {"uv": [6, 6, 9, 9], "texture": "#2"},
				"up": {"uv": [6, 9, 0, 6], "texture": "#2"},
				"down": {"uv": [12, 0, 6, 3], "texture": "#2"}
			}
		},
		{
			"from": [8.6, 12, 6],
			"to": [9.6, 13, 8],
			"rotation": {"angle": -45, "axis": "z", "origin": [5.5, 3, 9]},
			"faces": {
				"north": {"uv": [0, 0, 6, 3], "texture": "#2"},
				"east": {"uv": [6, 3, 9, 6], "texture": "#2"},
				"south": {"uv": [0, 3, 6, 6], "texture": "#2"},
				"west": {"uv": [6, 6, 9, 9], "texture": "#2"},
				"up": {"uv": [6, 9, 0, 6], "texture": "#2"},
				"down": {"uv": [12, 0, 6, 3], "texture": "#2"}
			}
		},
		{
			"from": [-2.6, 14, 6],
			"to": [-1.6, 16, 7],
			"rotation": {"angle": -45, "axis": "z", "origin": [5.5, 3, 9]},
			"faces": {
				"north": {"uv": [0, 0, 6, 3], "texture": "#2"},
				"east": {"uv": [6, 3, 9, 6], "texture": "#2"},
				"south": {"uv": [0, 3, 6, 6], "texture": "#2"},
				"west": {"uv": [6, 6, 9, 9], "texture": "#2"},
				"up": {"uv": [6, 9, 0, 6], "texture": "#2"},
				"down": {"uv": [12, 0, 6, 3], "texture": "#2"}
			}
		},
		{
			"from": [-2.6, 15, 7],
			"to": [-1.6, 16, 10],
			"rotation": {"angle": -45, "axis": "z", "origin": [5.5, 3, 9]},
			"faces": {
				"north": {"uv": [0, 0, 6, 3], "texture": "#2"},
				"east": {"uv": [6, 3, 9, 6], "texture": "#2"},
				"south": {"uv": [0, 3, 6, 6], "texture": "#2"},
				"west": {"uv": [6, 6, 9, 9], "texture": "#2"},
				"up": {"uv": [6, 9, 0, 6], "texture": "#2"},
				"down": {"uv": [12, 0, 6, 3], "texture": "#2"}
			}
		},
		{
			"from": [-2.6, 13, 8],
			"to": [-1.6, 15, 9],
			"rotation": {"angle": -45, "axis": "z", "origin": [5.5, 3, 9]},
			"faces": {
				"north": {"uv": [0, 0, 6, 3], "texture": "#2"},
				"east": {"uv": [6, 3, 9, 6], "texture": "#2"},
				"south": {"uv": [0, 3, 6, 6], "texture": "#2"},
				"west": {"uv": [6, 6, 9, 9], "texture": "#2"},
				"up": {"uv": [6, 9, 0, 6], "texture": "#2"},
				"down": {"uv": [12, 0, 6, 3], "texture": "#2"}
			}
		},
		{
			"from": [-2.6, 12, 9],
			"to": [-1.6, 14, 10],
			"rotation": {"angle": -45, "axis": "z", "origin": [5.5, 3, 9]},
			"faces": {
				"north": {"uv": [0, 0, 6, 3], "texture": "#2"},
				"east": {"uv": [6, 3, 9, 6], "texture": "#2"},
				"south": {"uv": [0, 3, 6, 6], "texture": "#2"},
				"west": {"uv": [6, 6, 9, 9], "texture": "#2"},
				"up": {"uv": [6, 9, 0, 6], "texture": "#2"},
				"down": {"uv": [12, 0, 6, 3], "texture": "#2"}
			}
		},
		{
			"from": [-0.5, 12, 10.1],
			"to": [0.5, 13, 11.1],
			"rotation": {"angle": -45, "axis": "z", "origin": [5.5, 3, 9]},
			"faces": {
				"north": {"uv": [0, 0, 6, 3], "texture": "#2"},
				"east": {"uv": [6, 3, 9, 6], "texture": "#2"},
				"south": {"uv": [0, 3, 6, 6], "texture": "#2"},
				"west": {"uv": [6, 6, 9, 9], "texture": "#2"},
				"up": {"uv": [6, 9, 0, 6], "texture": "#2"},
				"down": {"uv": [12, 0, 6, 3], "texture": "#2"}
			}
		},
		{
			"from": [0.5, 13, 10.1],
			"to": [1.5, 14, 11.1],
			"rotation": {"angle": -45, "axis": "z", "origin": [5.5, 3, 9]},
			"faces": {
				"north": {"uv": [0, 0, 6, 3], "texture": "#2"},
				"east": {"uv": [6, 3, 9, 6], "texture": "#2"},
				"south": {"uv": [0, 3, 6, 6], "texture": "#2"},
				"west": {"uv": [6, 6, 9, 9], "texture": "#2"},
				"up": {"uv": [6, 9, 0, 6], "texture": "#2"},
				"down": {"uv": [12, 0, 6, 3], "texture": "#2"}
			}
		},
		{
			"from": [1.5, 12, 10.1],
			"to": [2.5, 13, 11.1],
			"rotation": {"angle": -45, "axis": "z", "origin": [5.5, 3, 9]},
			"faces": {
				"north": {"uv": [0, 0, 6, 3], "texture": "#2"},
				"east": {"uv": [6, 3, 9, 6], "texture": "#2"},
				"south": {"uv": [0, 3, 6, 6], "texture": "#2"},
				"west": {"uv": [6, 6, 9, 9], "texture": "#2"},
				"up": {"uv": [6, 9, 0, 6], "texture": "#2"},
				"down": {"uv": [12, 0, 6, 3], "texture": "#2"}
			}
		},
		{
			"from": [2.5, 15, 10.1],
			"to": [4.5, 16, 11.1],
			"rotation": {"angle": -45, "axis": "z", "origin": [5.5, 3, 9]},
			"faces": {
				"north": {"uv": [0, 0, 6, 3], "texture": "#2"},
				"east": {"uv": [6, 3, 9, 6], "texture": "#2"},
				"south": {"uv": [0, 3, 6, 6], "texture": "#2"},
				"west": {"uv": [6, 6, 9, 9], "texture": "#2"},
				"up": {"uv": [6, 9, 0, 6], "texture": "#2"},
				"down": {"uv": [12, 0, 6, 3], "texture": "#2"}
			}
		},
		{
			"from": [1.5, 14, 10.1],
			"to": [2.5, 15, 11.1],
			"rotation": {"angle": -45, "axis": "z", "origin": [5.5, 3, 9]},
			"faces": {
				"north": {"uv": [0, 0, 6, 3], "texture": "#2"},
				"east": {"uv": [6, 3, 9, 6], "texture": "#2"},
				"south": {"uv": [0, 3, 6, 6], "texture": "#2"},
				"west": {"uv": [6, 6, 9, 9], "texture": "#2"},
				"up": {"uv": [6, 9, 0, 6], "texture": "#2"},
				"down": {"uv": [12, 0, 6, 3], "texture": "#2"}
			}
		},
		{
			"from": [5.5, 12, 10.1],
			"to": [6.5, 13, 11.1],
			"rotation": {"angle": -45, "axis": "z", "origin": [5.5, 3, 9]},
			"faces": {
				"north": {"uv": [0, 0, 6, 3], "texture": "#2"},
				"east": {"uv": [6, 3, 9, 6], "texture": "#2"},
				"south": {"uv": [0, 3, 6, 6], "texture": "#2"},
				"west": {"uv": [6, 6, 9, 9], "texture": "#2"},
				"up": {"uv": [6, 9, 0, 6], "texture": "#2"},
				"down": {"uv": [12, 0, 6, 3], "texture": "#2"}
			}
		},
		{
			"from": [3.5, 13, 10.1],
			"to": [6.5, 14, 11.1],
			"rotation": {"angle": -45, "axis": "z", "origin": [5.5, 3, 9]},
			"faces": {
				"north": {"uv": [0, 0, 6, 3], "texture": "#2"},
				"east": {"uv": [6, 3, 9, 6], "texture": "#2"},
				"south": {"uv": [0, 3, 6, 6], "texture": "#2"},
				"west": {"uv": [6, 6, 9, 9], "texture": "#2"},
				"up": {"uv": [6, 9, 0, 6], "texture": "#2"},
				"down": {"uv": [12, 0, 6, 3], "texture": "#2"}
			}
		},
		{
			"from": [6.5, 13, 10.1],
			"to": [8.5, 14, 11.1],
			"rotation": {"angle": -45, "axis": "z", "origin": [5.5, 3, 9]},
			"faces": {
				"north": {"uv": [0, 0, 6, 3], "texture": "#2"},
				"east": {"uv": [6, 3, 9, 6], "texture": "#2"},
				"south": {"uv": [0, 3, 6, 6], "texture": "#2"},
				"west": {"uv": [6, 6, 9, 9], "texture": "#2"},
				"up": {"uv": [6, 9, 0, 6], "texture": "#2"},
				"down": {"uv": [12, 0, 6, 3], "texture": "#2"}
			}
		},
		{
			"from": [4.5, 14, 10.1],
			"to": [6.5, 15, 11.1],
			"rotation": {"angle": -45, "axis": "z", "origin": [5.5, 3, 9]},
			"faces": {
				"north": {"uv": [0, 0, 6, 3], "texture": "#2"},
				"east": {"uv": [6, 3, 9, 6], "texture": "#2"},
				"south": {"uv": [0, 3, 6, 6], "texture": "#2"},
				"west": {"uv": [6, 6, 9, 9], "texture": "#2"},
				"up": {"uv": [6, 9, 0, 6], "texture": "#2"},
				"down": {"uv": [12, 0, 6, 3], "texture": "#2"}
			}
		},
		{
			"from": [7.5, 15, 10.1],
			"to": [8.5, 16, 11.1],
			"rotation": {"angle": -45, "axis": "z", "origin": [5.5, 3, 9]},
			"faces": {
				"north": {"uv": [0, 0, 6, 3], "texture": "#2"},
				"east": {"uv": [6, 3, 9, 6], "texture": "#2"},
				"south": {"uv": [0, 3, 6, 6], "texture": "#2"},
				"west": {"uv": [6, 6, 9, 9], "texture": "#2"},
				"up": {"uv": [6, 9, 0, 6], "texture": "#2"},
				"down": {"uv": [12, 0, 6, 3], "texture": "#2"}
			}
		},
		{
			"from": [-0.5, 12, 4.9],
			"to": [0.5, 13, 5.9],
			"rotation": {"angle": -45, "axis": "z", "origin": [5.5, 3, 9]},
			"faces": {
				"north": {"uv": [0, 0, 6, 3], "texture": "#2"},
				"east": {"uv": [6, 3, 9, 6], "texture": "#2"},
				"south": {"uv": [0, 3, 6, 6], "texture": "#2"},
				"west": {"uv": [6, 6, 9, 9], "texture": "#2"},
				"up": {"uv": [6, 9, 0, 6], "texture": "#2"},
				"down": {"uv": [12, 0, 6, 3], "texture": "#2"}
			}
		},
		{
			"from": [-1.5, 12, 4.9],
			"to": [-0.5, 16, 5.9],
			"rotation": {"angle": -45, "axis": "z", "origin": [5.5, 3, 9]},
			"faces": {
				"north": {"uv": [0, 0, 6, 3], "texture": "#2"},
				"east": {"uv": [6, 3, 9, 6], "texture": "#2"},
				"south": {"uv": [0, 3, 6, 6], "texture": "#2"},
				"west": {"uv": [6, 6, 9, 9], "texture": "#2"},
				"up": {"uv": [6, 9, 0, 6], "texture": "#2"},
				"down": {"uv": [12, 0, 6, 3], "texture": "#2"}
			}
		},
		{
			"from": [1.5, 12, 4.9],
			"to": [2.5, 13, 5.9],
			"rotation": {"angle": -45, "axis": "z", "origin": [5.5, 3, 9]},
			"faces": {
				"north": {"uv": [0, 0, 6, 3], "texture": "#2"},
				"east": {"uv": [6, 3, 9, 6], "texture": "#2"},
				"south": {"uv": [0, 3, 6, 6], "texture": "#2"},
				"west": {"uv": [6, 6, 9, 9], "texture": "#2"},
				"up": {"uv": [6, 9, 0, 6], "texture": "#2"},
				"down": {"uv": [12, 0, 6, 3], "texture": "#2"}
			}
		},
		{
			"from": [0.5, 13, 4.9],
			"to": [1.5, 14, 5.9],
			"rotation": {"angle": -45, "axis": "z", "origin": [5.5, 3, 9]},
			"faces": {
				"north": {"uv": [0, 0, 6, 3], "texture": "#2"},
				"east": {"uv": [6, 3, 9, 6], "texture": "#2"},
				"south": {"uv": [0, 3, 6, 6], "texture": "#2"},
				"west": {"uv": [6, 6, 9, 9], "texture": "#2"},
				"up": {"uv": [6, 9, 0, 6], "texture": "#2"},
				"down": {"uv": [12, 0, 6, 3], "texture": "#2"}
			}
		},
		{
			"from": [1.5, 14, 4.9],
			"to": [2.5, 15, 5.9],
			"rotation": {"angle": -45, "axis": "z", "origin": [5.5, 3, 9]},
			"faces": {
				"north": {"uv": [0, 0, 6, 3], "texture": "#2"},
				"east": {"uv": [6, 3, 9, 6], "texture": "#2"},
				"south": {"uv": [0, 3, 6, 6], "texture": "#2"},
				"west": {"uv": [6, 6, 9, 9], "texture": "#2"},
				"up": {"uv": [6, 9, 0, 6], "texture": "#2"},
				"down": {"uv": [12, 0, 6, 3], "texture": "#2"}
			}
		},
		{
			"from": [2.5, 15, 4.9],
			"to": [4.5, 16, 5.9],
			"rotation": {"angle": -45, "axis": "z", "origin": [5.5, 3, 9]},
			"faces": {
				"north": {"uv": [0, 0, 6, 3], "texture": "#2"},
				"east": {"uv": [6, 3, 9, 6], "texture": "#2"},
				"south": {"uv": [0, 3, 6, 6], "texture": "#2"},
				"west": {"uv": [6, 6, 9, 9], "texture": "#2"},
				"up": {"uv": [6, 9, 0, 6], "texture": "#2"},
				"down": {"uv": [12, 0, 6, 3], "texture": "#2"}
			}
		},
		{
			"from": [4.5, 14, 4.9],
			"to": [6.5, 15, 5.9],
			"rotation": {"angle": -45, "axis": "z", "origin": [5.5, 3, 9]},
			"faces": {
				"north": {"uv": [0, 0, 6, 3], "texture": "#2"},
				"east": {"uv": [6, 3, 9, 6], "texture": "#2"},
				"south": {"uv": [0, 3, 6, 6], "texture": "#2"},
				"west": {"uv": [6, 6, 9, 9], "texture": "#2"},
				"up": {"uv": [6, 9, 0, 6], "texture": "#2"},
				"down": {"uv": [12, 0, 6, 3], "texture": "#2"}
			}
		},
		{
			"from": [3.5, 13, 4.9],
			"to": [6.5, 14, 5.9],
			"rotation": {"angle": -45, "axis": "z", "origin": [5.5, 3, 9]},
			"faces": {
				"north": {"uv": [0, 0, 6, 3], "texture": "#2"},
				"east": {"uv": [6, 3, 9, 6], "texture": "#2"},
				"south": {"uv": [0, 3, 6, 6], "texture": "#2"},
				"west": {"uv": [6, 6, 9, 9], "texture": "#2"},
				"up": {"uv": [6, 9, 0, 6], "texture": "#2"},
				"down": {"uv": [12, 0, 6, 3], "texture": "#2"}
			}
		},
		{
			"from": [5.5, 12, 4.9],
			"to": [6.5, 13, 5.9],
			"rotation": {"angle": -45, "axis": "z", "origin": [5.5, 3, 9]},
			"faces": {
				"north": {"uv": [0, 0, 6, 3], "texture": "#2"},
				"east": {"uv": [6, 3, 9, 6], "texture": "#2"},
				"south": {"uv": [0, 3, 6, 6], "texture": "#2"},
				"west": {"uv": [6, 6, 9, 9], "texture": "#2"},
				"up": {"uv": [6, 9, 0, 6], "texture": "#2"},
				"down": {"uv": [12, 0, 6, 3], "texture": "#2"}
			}
		},
		{
			"from": [6.5, 13, 4.9],
			"to": [8.5, 14, 5.9],
			"rotation": {"angle": -45, "axis": "z", "origin": [5.5, 3, 9]},
			"faces": {
				"north": {"uv": [0, 0, 6, 3], "texture": "#2"},
				"east": {"uv": [6, 3, 9, 6], "texture": "#2"},
				"south": {"uv": [0, 3, 6, 6], "texture": "#2"},
				"west": {"uv": [6, 6, 9, 9], "texture": "#2"},
				"up": {"uv": [6, 9, 0, 6], "texture": "#2"},
				"down": {"uv": [12, 0, 6, 3], "texture": "#2"}
			}
		},
		{
			"from": [7.5, 15, 4.9],
			"to": [8.5, 16, 5.9],
			"rotation": {"angle": -45, "axis": "z", "origin": [5.5, 3, 9]},
			"faces": {
				"north": {"uv": [0, 0, 6, 3], "texture": "#2"},
				"east": {"uv": [6, 3, 9, 6], "texture": "#2"},
				"south": {"uv": [0, 3, 6, 6], "texture": "#2"},
				"west": {"uv": [6, 6, 9, 9], "texture": "#2"},
				"up": {"uv": [6, 9, 0, 6], "texture": "#2"},
				"down": {"uv": [12, 0, 6, 3], "texture": "#2"}
			}
		}
	],
	"display": {
		"thirdperson_righthand": {
			"rotation": [0, -90, 45],
			"translation": [0, 6.5, 1.75],
			"scale": [1.15, 1.15, 1.15]
		},
		"thirdperson_lefthand": {
			"rotation": [0, -90, -45],
			"translation": [0, 6.5, 1.75],
			"scale": [1.15, 1.15, 1.15]
		},
		"firstperson_righthand": {
			"rotation": [0, -90, 25],
			"translation": [1.13, 3.2, 1.13],
			"scale": [0.68, 0.68, 0.68]
		},
		"firstperson_lefthand": {
			"rotation": [0, 90, -25],
			"translation": [1.13, 3.2, 1.13],
			"scale": [0.68, 0.68, 0.68]
		},
		"ground": {
			"translation": [0, 2, 0],
			"scale": [0.5, 0.5, 0.5]
		},
		"gui": {
			"rotation": [-10, -32, 0],
			"translation": [-0.75, -0.75, 0],
			"scale": [0.8, 0.8, 0.8]
		},
		"fixed": {
			"rotation": [0, 180, 0],
			"scale": [0.9, 0.9, 0.9]
		}
	},
	"groups": [
		{
			"name": "group",
			"origin": [8, 8, 8],
			"color": 0,
			"children": [
				{
					"name": "rod",
					"origin": [8, 8, 8],
					"color": 0,
					"children": [0, 1, 2, 3, 4, 5, 6, 7, 8, 9, 10]
				},
				{
					"name": "head",
					"origin": [8, 8, 8],
					"color": 0,
					"children": [11]
				},
				{
					"name": "head",
					"origin": [8, 8, 8],
					"color": 0,
					"children": [12, 13, 14, 15, 16, 17, 18, 19, 20, 21, 22, 23, 24, 25, 26, 27, 28, 29, 30, 31, 32, 33, 34, 35, 36, 37, 38, 39, 40, 41, 42, 43, 44, 45, 46, 47, 48, 49]
				}
			]
		}
	]
}