{
	"credit": "Made with Blockbench",
	"textures": {
		"0": "items/custom/stick/shroom_knife/shroom_knife",
		"particle": "items/custom/stick/shroom_knife/shroom_knife"
	},
	"elements": [
		{
			"from": [0, 0, 7],
			"to": [1, 2, 9],
			"rotation": {"angle": 0, "axis": "y", "origin": [0, 0, 7.5]},
			"faces": {
				"north": {"uv": [9, 10, 10, 12], "texture": "#0"},
				"east": {"uv": [4, 8, 6, 10], "texture": "#0"},
				"south": {"uv": [10, 9, 11, 11], "texture": "#0"},
				"west": {"uv": [6, 8, 8, 10], "texture": "#0"},
				"up": {"uv": [1, 13, 0, 11], "texture": "#0"},
				"down": {"uv": [12, 0, 11, 2], "texture": "#0"}
			}
		},
		{
			"from": [1, 1, 7.5],
			"to": [2, 3, 8.5],
			"rotation": {"angle": 0, "axis": "y", "origin": [0, 0, 7.5]},
			"faces": {
				"north": {"uv": [1, 11, 2, 13], "texture": "#0"},
				"east": {"uv": [2, 11, 3, 13], "texture": "#0"},
				"south": {"uv": [11, 2, 12, 4], "texture": "#0"},
				"west": {"uv": [3, 11, 4, 13], "texture": "#0"},
				"up": {"uv": [13, 3, 12, 2], "texture": "#0"},
				"down": {"uv": [13, 3, 12, 4], "texture": "#0"}
			}
		},
		{
			"from": [1, 0, 7],
			"to": [2, 1, 9],
			"rotation": {"angle": 0, "axis": "y", "origin": [0, 0, 7.5]},
			"faces": {
				"north": {"uv": [12, 6, 13, 7], "texture": "#0"},
				"east": {"uv": [11, 4, 13, 5], "texture": "#0"},
				"south": {"uv": [12, 7, 13, 8], "texture": "#0"},
				"west": {"uv": [11, 5, 13, 6], "texture": "#0"},
				"up": {"uv": [12, 8, 11, 6], "texture": "#0"},
				"down": {"uv": [9, 11, 8, 13], "texture": "#0"}
			}
		},
		{
			"from": [2, 1, 7.5],
			"to": [3, 4, 8.5],
			"rotation": {"angle": 0, "axis": "y", "origin": [0, 0, 7.5]},
			"faces": {
				"north": {"uv": [8, 8, 9, 11], "texture": "#0"},
				"east": {"uv": [9, 4, 10, 7], "texture": "#0"},
				"south": {"uv": [9, 7, 10, 10], "texture": "#0"},
				"west": {"uv": [10, 0, 11, 3], "texture": "#0"},
				"up": {"uv": [13, 9, 12, 8], "texture": "#0"},
				"down": {"uv": [10, 12, 9, 13], "texture": "#0"}
			}
		},
		{
			"from": [3, 2, 7.5],
			"to": [4, 5, 8.5],
			"rotation": {"angle": 0, "axis": "y", "origin": [0, 0, 7.5]},
			"faces": {
				"north": {"uv": [10, 3, 11, 6], "texture": "#0"},
				"east": {"uv": [4, 10, 5, 13], "texture": "#0"},
				"south": {"uv": [5, 10, 6, 13], "texture": "#0"},
				"west": {"uv": [6, 10, 7, 13], "texture": "#0"},
				"up": {"uv": [13, 10, 12, 9], "texture": "#0"},
				"down": {"uv": [12, 12, 11, 13], "texture": "#0"}
			}
		},
		{
			"from": [4, 3, 7.5],
			"to": [5, 4, 8.5],
			"rotation": {"angle": 0, "axis": "y", "origin": [0, 0, 7.5]},
			"faces": {
				"north": {"uv": [12, 12, 13, 13], "texture": "#0"},
				"east": {"uv": [0, 13, 1, 14], "texture": "#0"},
				"south": {"uv": [1, 13, 2, 14], "texture": "#0"},
				"west": {"uv": [2, 13, 3, 14], "texture": "#0"},
				"up": {"uv": [14, 3, 13, 2], "texture": "#0"},
				"down": {"uv": [4, 13, 3, 14], "texture": "#0"}
			}
		},
		{
			"from": [5.65, -1.5, 7.25],
			"to": [6.65, 1.5, 8.75],
			"rotation": {"angle": 45, "axis": "z", "origin": [0, 0, 7.5]},
			"faces": {
				"north": {"uv": [10, 6, 11, 9], "texture": "#0"},
				"east": {"uv": [0, 8, 2, 11], "texture": "#0"},
				"south": {"uv": [7, 10, 8, 13], "texture": "#0"},
				"west": {"uv": [2, 8, 4, 11], "texture": "#0"},
				"up": {"uv": [12, 10, 11, 8], "texture": "#0"},
				"down": {"uv": [11, 11, 10, 13], "texture": "#0"}
			}
		},
		{
			"from": [6.65, -1, 7.5],
			"to": [16.25, 0, 8.5],
			"rotation": {"angle": 45, "axis": "z", "origin": [0, 0, 7.5]},
			"faces": {
				"north": {"uv": [0, 0, 10, 1], "texture": "#0"},
				"east": {"uv": [13, 3, 14, 4], "texture": "#0"},
				"south": {"uv": [0, 1, 10, 2], "texture": "#0"},
				"west": {"uv": [4, 13, 5, 14], "texture": "#0"},
				"up": {"uv": [10, 3, 0, 2], "texture": "#0"},
				"down": {"uv": [10, 3, 0, 4], "texture": "#0"}
			}
		},
		{
			"from": [6.65, 0, 7.75],
			"to": [15.65, 1, 8.25],
			"rotation": {"angle": 45, "axis": "z", "origin": [0, 0, 7.5]},
			"faces": {
				"north": {"uv": [0, 4, 9, 5], "texture": "#0"},
				"east": {"uv": [13, 4, 14, 5], "texture": "#0"},
				"south": {"uv": [0, 5, 9, 6], "texture": "#0"},
				"west": {"uv": [5, 13, 6, 14], "texture": "#0"},
				"up": {"uv": [9, 7, 0, 6], "texture": "#0"},
				"down": {"uv": [9, 7, 0, 8], "texture": "#0"}
			}
		},
		{
			"from": [10.35911, 10.77333, 7.75],
			"to": [12.35911, 11.77333, 8.25],
			"rotation": {"angle": 0, "axis": "y", "origin": [10.50556, 10.77333, 8]},
			"faces": {
				"north": {"uv": [11, 10, 13, 11], "texture": "#0"},
				"east": {"uv": [13, 5, 14, 6], "texture": "#0"},
				"south": {"uv": [11, 11, 13, 12], "texture": "#0"},
				"west": {"uv": [6, 13, 7, 14], "texture": "#0"},
				"up": {"uv": [14, 1, 12, 0], "texture": "#0"},
				"down": {"uv": [14, 1, 12, 2], "texture": "#0"}
			}
		}
	],
	"display": {
		"thirdperson_righthand": {
			"rotation": [0, -90, 55],
			"translation": [0, 5, 0.75],
			"scale": [0.85, 0.85, 0.85]
		},
		"thirdperson_lefthand": {
			"rotation": [0, 90, -55],
			"translation": [-0.25, 5, 0.5],
			"scale": [0.85, 0.85, 0.85]
		},
		"firstperson_righthand": {
			"rotation": [0, -90, 25],
			"translation": [1.13, 3.2, 1.13],
			"scale": [0.68, 0.68, 0.68]
		},
		"firstperson_lefthand": {
			"rotation": [0, 90, -25],
			"translation": [1.13, 3.2, 1.13],
			"scale": [0.68, 0.68, 0.68]
		},
		"ground": {
			"scale": [0.5, 0.5, 0.5]
		},
		"gui": {
			"rotation": [31.75, 23.25, 0],
			"translation": [2, 1.75, 0]
		}
	},
	"groups": [
		{
			"name": "group",
			"origin": [8, 8, 8],
			"color": 0,
			"children": [0, 1, 2, 3, 4, 5, 6, 7, 8, 9]
		}
	]
}