{
	"credit": "Made with Blockbench",
	"texture_size": [32, 32],
	"textures": {
		"3": "items/custom/netherite_axe/hammer_of_gravity"
	},
	"elements": [
		{
			"from": [0, 0, 7.5],
			"to": [3, 3, 8.5],
			"rotation": {"angle": 0, "axis": "y", "origin": [0, 0, 5]},
			"faces": {
				"north": {"uv": [7, 7, 8.5, 8.5], "texture": "#3"},
				"east": {"uv": [8.5, 7, 9, 8.5], "texture": "#3"},
				"south": {"uv": [7, 8.5, 8.5, 10], "texture": "#3"},
				"west": {"uv": [8.5, 8.5, 9, 10], "texture": "#3"},
				"up": {"uv": [10.5, 7.5, 9, 7], "texture": "#3"},
				"down": {"uv": [10.5, 7.5, 9, 8], "texture": "#3"}
			}
		},
		{
			"from": [2, 3, 7.5],
			"to": [3, 4, 8.5],
			"rotation": {"angle": 0, "axis": "y", "origin": [0, 0, 5]},
			"faces": {
				"north": {"uv": [11, 10, 11.5, 10.5], "texture": "#3"},
				"east": {"uv": [11, 10.5, 11.5, 11], "texture": "#3"},
				"south": {"uv": [11, 11, 11.5, 11.5], "texture": "#3"},
				"west": {"uv": [7, 11.5, 7.5, 12], "texture": "#3"},
				"up": {"uv": [12, 7.5, 11.5, 7], "texture": "#3"},
				"down": {"uv": [8, 11.5, 7.5, 12], "texture": "#3"}
			}
		},
		{
			"from": [3, 2, 7.5],
			"to": [4, 5, 8.5],
			"rotation": {"angle": 0, "axis": "y", "origin": [0, 0, 5]},
			"faces": {
				"north": {"uv": [9, 8, 9.5, 9.5], "texture": "#3"},
				"east": {"uv": [9.5, 8, 10, 9.5], "texture": "#3"},
				"south": {"uv": [9, 9.5, 9.5, 11], "texture": "#3"},
				"west": {"uv": [9.5, 9.5, 10, 11], "texture": "#3"},
				"up": {"uv": [12, 8, 11.5, 7.5], "texture": "#3"},
				"down": {"uv": [8.5, 11.5, 8, 12], "texture": "#3"}
			}
		},
		{
			"from": [4, 3, 7.5],
			"to": [5, 6, 8.5],
			"rotation": {"angle": 0, "axis": "y", "origin": [0, 0, 5]},
			"faces": {
				"north": {"uv": [7, 10, 7.5, 11.5], "texture": "#3"},
				"east": {"uv": [7.5, 10, 8, 11.5], "texture": "#3"},
				"south": {"uv": [8, 10, 8.5, 11.5], "texture": "#3"},
				"west": {"uv": [10, 8, 10.5, 9.5], "texture": "#3"},
				"up": {"uv": [12, 8.5, 11.5, 8], "texture": "#3"},
				"down": {"uv": [9, 11.5, 8.5, 12], "texture": "#3"}
			}
		},
		{
			"from": [5, 4, 7.5],
			"to": [6, 7, 8.5],
			"rotation": {"angle": 0, "axis": "y", "origin": [0, 0, 5]},
			"faces": {
				"north": {"uv": [8.5, 10, 9, 11.5], "texture": "#3"},
				"east": {"uv": [10, 9.5, 10.5, 11], "texture": "#3"},
				"south": {"uv": [0, 10.5, 0.5, 12], "texture": "#3"},
				"west": {"uv": [0.5, 10.5, 1, 12], "texture": "#3"},
				"up": {"uv": [12, 9, 11.5, 8.5], "texture": "#3"},
				"down": {"uv": [12, 9, 11.5, 9.5], "texture": "#3"}
			}
		},
		{
			"from": [6, 5, 7.5],
			"to": [7, 8, 8.5],
			"rotation": {"angle": 0, "axis": "y", "origin": [0, 0, 5]},
			"faces": {
				"north": {"uv": [1, 10.5, 1.5, 12], "texture": "#3"},
				"east": {"uv": [1.5, 10.5, 2, 12], "texture": "#3"},
				"south": {"uv": [2, 10.5, 2.5, 12], "texture": "#3"},
				"west": {"uv": [2.5, 10.5, 3, 12], "texture": "#3"},
				"up": {"uv": [12, 10, 11.5, 9.5], "texture": "#3"},
				"down": {"uv": [12, 10, 11.5, 10.5], "texture": "#3"}
			}
		},
		{
			"from": [7, 6, 7.5],
			"to": [8, 9, 8.5],
			"rotation": {"angle": 0, "axis": "y", "origin": [0, 0, 5]},
			"faces": {
				"north": {"uv": [3, 10.5, 3.5, 12], "texture": "#3"},
				"east": {"uv": [3.5, 10.5, 4, 12], "texture": "#3"},
				"south": {"uv": [4, 10.5, 4.5, 12], "texture": "#3"},
				"west": {"uv": [4.5, 10.5, 5, 12], "texture": "#3"},
				"up": {"uv": [11, 12, 10.5, 11.5], "texture": "#3"},
				"down": {"uv": [12, 10.5, 11.5, 11], "texture": "#3"}
			}
		},
		{
			"from": [8, 7, 7.5],
			"to": [9, 10, 8.5],
			"rotation": {"angle": 0, "axis": "y", "origin": [0, 0, 5]},
			"faces": {
				"north": {"uv": [5, 10.5, 5.5, 12], "texture": "#3"},
				"east": {"uv": [5.5, 10.5, 6, 12], "texture": "#3"},
				"south": {"uv": [6, 10.5, 6.5, 12], "texture": "#3"},
				"west": {"uv": [6.5, 10.5, 7, 12], "texture": "#3"},
				"up": {"uv": [11.5, 12, 11, 11.5], "texture": "#3"},
				"down": {"uv": [12, 11, 11.5, 11.5], "texture": "#3"}
			}
		},
		{
			"from": [9, 8, 7.5],
			"to": [10, 11, 8.5],
			"rotation": {"angle": 0, "axis": "y", "origin": [0, 0, 5]},
			"faces": {
				"north": {"uv": [10.5, 7, 11, 8.5], "texture": "#3"},
				"east": {"uv": [10.5, 8.5, 11, 10], "texture": "#3"},
				"south": {"uv": [10.5, 10, 11, 11.5], "texture": "#3"},
				"west": {"uv": [11, 7, 11.5, 8.5], "texture": "#3"},
				"up": {"uv": [12, 12, 11.5, 11.5], "texture": "#3"},
				"down": {"uv": [0.5, 12, 0, 12.5], "texture": "#3"}
			}
		},
		{
			"from": [10, 9, 7.5],
			"to": [11, 12, 8.5],
			"rotation": {"angle": 0, "axis": "y", "origin": [0, 0, 5]},
			"faces": {
				"north": {"uv": [11, 8.5, 11.5, 10], "texture": "#3"},
				"east": {"uv": [9, 11, 9.5, 12.5], "texture": "#3"},
				"south": {"uv": [9.5, 11, 10, 12.5], "texture": "#3"},
				"west": {"uv": [10, 11, 10.5, 12.5], "texture": "#3"},
				"up": {"uv": [12.5, 0.5, 12, 0], "texture": "#3"},
				"down": {"uv": [1, 12, 0.5, 12.5], "texture": "#3"}
			}
		},
		{
			"from": [-2.5, 11, 4.5],
			"to": [9.5, 18, 11.5],
			"rotation": {"angle": -45, "axis": "z", "origin": [5.5, 3, 9]},
			"faces": {
				"north": {"uv": [0, 0, 6, 3.5], "texture": "#3"},
				"east": {"uv": [0, 7, 3.5, 10.5], "texture": "#3"},
				"south": {"uv": [0, 3.5, 6, 7], "texture": "#3"},
				"west": {"uv": [3.5, 7, 7, 10.5], "texture": "#3"},
				"up": {"uv": [12, 3.5, 6, 0], "texture": "#3"},
				"down": {"uv": [12, 3.5, 6, 7], "texture": "#3"}
			}
		}
	],
	"display": {
		"thirdperson_righthand": {
			"rotation": [0, -90, 45],
			"translation": [0, 6.5, 1.75],
			"scale": [1.15, 1.15, 1.15]
		},
		"thirdperson_lefthand": {
			"rotation": [0, -90, -45],
			"translation": [0, 6.5, 1.75],
			"scale": [1.15, 1.15, 1.15]
		},
		"firstperson_righthand": {
			"rotation": [0, -90, 25],
			"translation": [1.13, 3.2, 1.13],
			"scale": [0.68, 0.68, 0.68]
		},
		"firstperson_lefthand": {
			"rotation": [0, 90, -25],
			"translation": [1.13, 3.2, 1.13],
			"scale": [0.68, 0.68, 0.68]
		},
		"ground": {
			"translation": [0, 2, 0],
			"scale": [0.5, 0.5, 0.5]
		},
		"gui": {
			"rotation": [-10, -32, 0],
			"translation": [-0.75, -0.75, 0],
			"scale": [0.8, 0.8, 0.8]
		},
		"fixed": {
			"rotation": [0, 180, 0],
			"scale": [0.9, 0.9, 0.9]
		}
	},
	"groups": [
		{
			"name": "group",
			"origin": [8, 8, 8],
			"color": 0,
			"children": [
				{
					"name": "rod",
					"origin": [8, 8, 8],
					"color": 0,
					"children": [0, 1, 2, 3, 4, 5, 6, 7, 8, 9]
				},
				{
					"name": "head",
					"origin": [8, 8, 8],
					"color": 0,
					"children": [10]
				}
			]
		}
	]
}