{
	"credit": "Made with Blockbench",
	"texture_size": [32, 32],
	"textures": {
		"1": "items/custom/bow/bonebow",
		"particle": "items/custom/bow/bonebow"
	},
	"elements": [
		{
			"from": [0, 0, 7.25],
			"to": [2, 1, 8.75],
			"faces": {
				"north": {"uv": [5, 7.5, 6, 8], "texture": "#1"},
				"east": {"uv": [7.5, 5, 8.5, 5.5], "texture": "#1"},
				"south": {"uv": [7.5, 5.5, 8.5, 6], "texture": "#1"},
				"west": {"uv": [6, 7.5, 7, 8], "texture": "#1"},
				"up": {"uv": [6.5, 1, 5.5, 0], "texture": "#1"},
				"down": {"uv": [6.5, 1, 5.5, 2], "texture": "#1"}
			}
		},
		{
			"from": [3, 0, 7.25],
			"to": [5, 1, 8.75],
			"faces": {
				"north": {"uv": [7.5, 6.5, 8.5, 7], "texture": "#1"},
				"east": {"uv": [7.5, 7, 8.5, 7.5], "texture": "#1"},
				"south": {"uv": [7.5, 7.5, 8.5, 8], "texture": "#1"},
				"west": {"uv": [0, 8, 1, 8.5], "texture": "#1"},
				"up": {"uv": [6, 6.5, 5, 5.5], "texture": "#1"},
				"down": {"uv": [1, 6, 0, 7], "texture": "#1"}
			}
		},
		{
			"from": [0, 1, 7.5],
			"to": [5, 3, 8.5],
			"shade": false,
			"faces": {
				"north": {"uv": [3, 0, 5.5, 1], "texture": "#1"},
				"east": {"uv": [1, 8, 1.5, 9], "texture": "#1"},
				"south": {"uv": [3, 1, 5.5, 2], "texture": "#1"},
				"west": {"uv": [1.5, 8, 2, 9], "texture": "#1"},
				"up": {"uv": [7.5, 2.5, 5, 2], "texture": "#1"},
				"down": {"uv": [7.5, 2.5, 5, 3], "texture": "#1"}
			}
		},
		{
			"from": [1, 3, 7.75],
			"to": [4, 5, 8.25],
			"faces": {
				"north": {"uv": [2, 3.5, 3.5, 4.5], "texture": "#1"},
				"east": {"uv": [8, 1.5, 8.5, 2.5], "texture": "#1"},
				"south": {"uv": [3.5, 3.5, 5, 4.5], "texture": "#1"},
				"west": {"uv": [8, 2.5, 8.5, 3.5], "texture": "#1"},
				"up": {"uv": [8, 6.5, 6.5, 6], "texture": "#1"},
				"down": {"uv": [8.5, 0, 7, 0.5], "texture": "#1"}
			}
		},
		{
			"from": [0, 5, 7.5],
			"to": [3, 9, 8.5],
			"faces": {
				"north": {"uv": [0, 0, 1.5, 2], "texture": "#1"},
				"east": {"uv": [1, 6, 1.5, 8], "texture": "#1"},
				"south": {"uv": [1.5, 0, 3, 2], "texture": "#1"},
				"west": {"uv": [1.5, 6, 2, 8], "texture": "#1"},
				"up": {"uv": [8.5, 1, 7, 0.5], "texture": "#1"},
				"down": {"uv": [8.5, 1, 7, 1.5], "texture": "#1"}
			}
		},
		{
			"from": [3, 7, 7.75],
			"to": [4, 9, 8.25],
			"faces": {
				"north": {"uv": [8, 3.5, 8.5, 4.5], "texture": "#1"},
				"east": {"uv": [4, 8, 4.5, 9], "texture": "#1"},
				"south": {"uv": [4.5, 8, 5, 9], "texture": "#1"},
				"west": {"uv": [5, 8, 5.5, 9], "texture": "#1"},
				"up": {"uv": [7.5, 2, 7, 1.5], "texture": "#1"},
				"down": {"uv": [8.5, 8.5, 8, 9], "texture": "#1"}
			}
		},
		{
			"from": [1, 9, 7.75],
			"to": [5, 10, 8.25],
			"faces": {
				"north": {"uv": [2, 6, 4, 6.5], "texture": "#1"},
				"east": {"uv": [8.5, 8.5, 9, 9], "texture": "#1"},
				"south": {"uv": [6, 3, 8, 3.5], "texture": "#1"},
				"west": {"uv": [0, 9, 0.5, 9.5], "texture": "#1"},
				"up": {"uv": [8, 4, 6, 3.5], "texture": "#1"},
				"down": {"uv": [8, 4, 6, 4.5], "texture": "#1"}
			}
		},
		{
			"from": [0.75, 10.25, 6.75],
			"to": [4.75, 10.5, 9.25],
			"rotation": {"angle": -45, "axis": "z", "origin": [3, 9.5, 8.75]},
			"faces": {
				"north": {"uv": [0.5, 0, 2.5, 0.5], "texture": "#1"},
				"east": {"uv": [2, 0, 2.5, 0.5], "texture": "#1"},
				"south": {"uv": [0.5, 0, 2.5, 0.5], "texture": "#1"},
				"west": {"uv": [0.5, 0, 1, 0.5], "texture": "#1"},
				"up": {"uv": [2.5, 0.5, 0.5, 0], "texture": "#1"},
				"down": {"uv": [2.5, 0, 0.5, 0.5], "texture": "#1"}
			}
		},
		{
			"from": [2, 10, 7.75],
			"to": [3, 12, 8.25],
			"faces": {
				"north": {"uv": [5.5, 8, 6, 9], "texture": "#1"},
				"east": {"uv": [6, 8, 6.5, 9], "texture": "#1"},
				"south": {"uv": [6.5, 8, 7, 9], "texture": "#1"},
				"west": {"uv": [7, 8, 7.5, 9], "texture": "#1"},
				"up": {"uv": [1, 9.5, 0.5, 9], "texture": "#1"},
				"down": {"uv": [1.5, 9, 1, 9.5], "texture": "#1"}
			}
		},
		{
			"from": [3, 10, 7.75],
			"to": [5, 13, 8.25],
			"faces": {
				"north": {"uv": [4, 2, 5, 3.5], "texture": "#1"},
				"east": {"uv": [2, 7, 2.5, 8.5], "texture": "#1"},
				"south": {"uv": [2, 4.5, 3, 6], "texture": "#1"},
				"west": {"uv": [2.5, 7, 3, 8.5], "texture": "#1"},
				"up": {"uv": [9, 6.5, 8, 6], "texture": "#1"},
				"down": {"uv": [8.5, 8, 7.5, 8.5], "texture": "#1"}
			}
		},
		{
			"from": [5, 10, 7.75],
			"to": [6, 14, 8.25],
			"faces": {
				"north": {"uv": [4, 6, 4.5, 8], "texture": "#1"},
				"east": {"uv": [4.5, 6, 5, 8], "texture": "#1"},
				"south": {"uv": [6, 4.5, 6.5, 6.5], "texture": "#1"},
				"west": {"uv": [6.5, 0, 7, 2], "texture": "#1"},
				"up": {"uv": [2, 9.5, 1.5, 9], "texture": "#1"},
				"down": {"uv": [2.5, 9, 2, 9.5], "texture": "#1"}
			}
		},
		{
			"from": [6, 11, 7.75],
			"to": [8, 12, 8.25],
			"faces": {
				"north": {"uv": [0, 8.5, 1, 9], "texture": "#1"},
				"east": {"uv": [2.5, 9, 3, 9.5], "texture": "#1"},
				"south": {"uv": [8.5, 0, 9.5, 0.5], "texture": "#1"},
				"west": {"uv": [9, 3, 9.5, 3.5], "texture": "#1"},
				"up": {"uv": [9.5, 1, 8.5, 0.5], "texture": "#1"},
				"down": {"uv": [9.5, 1, 8.5, 1.5], "texture": "#1"}
			}
		},
		{
			"from": [6, 12, 7.5],
			"to": [10, 15, 8.5],
			"faces": {
				"north": {"uv": [0, 2, 2, 3.5], "texture": "#1"},
				"east": {"uv": [3, 7, 3.5, 8.5], "texture": "#1"},
				"south": {"uv": [2, 2, 4, 3.5], "texture": "#1"},
				"west": {"uv": [3.5, 7, 4, 8.5], "texture": "#1"},
				"up": {"uv": [4, 7, 2, 6.5], "texture": "#1"},
				"down": {"uv": [8.5, 4.5, 6.5, 5], "texture": "#1"}
			}
		},
		{
			"from": [10, 11, 7.75],
			"to": [12, 14, 8.25],
			"faces": {
				"north": {"uv": [3, 4.5, 4, 6], "texture": "#1"},
				"east": {"uv": [7, 6.5, 7.5, 8], "texture": "#1"},
				"south": {"uv": [4, 4.5, 5, 6], "texture": "#1"},
				"west": {"uv": [7.5, 1.5, 8, 3], "texture": "#1"},
				"up": {"uv": [9.5, 2, 8.5, 1.5], "texture": "#1"},
				"down": {"uv": [3, 8.5, 2, 9], "texture": "#1"}
			}
		},
		{
			"from": [12, 10, 7.5],
			"to": [14, 15, 8.5],
			"faces": {
				"north": {"uv": [0, 3.5, 1, 6], "texture": "#1"},
				"east": {"uv": [5, 3, 5.5, 5.5], "texture": "#1"},
				"south": {"uv": [1, 3.5, 2, 6], "texture": "#1"},
				"west": {"uv": [5.5, 3, 6, 5.5], "texture": "#1"},
				"up": {"uv": [9.5, 2.5, 8.5, 2], "texture": "#1"},
				"down": {"uv": [9.5, 2.5, 8.5, 3], "texture": "#1"}
			}
		},
		{
			"from": [14, 13, 7.25],
			"to": [15, 15, 8.75],
			"faces": {
				"north": {"uv": [3, 8.5, 3.5, 9.5], "texture": "#1"},
				"east": {"uv": [5, 6.5, 6, 7.5], "texture": "#1"},
				"south": {"uv": [8.5, 3, 9, 4], "texture": "#1"},
				"west": {"uv": [6.5, 5, 7.5, 6], "texture": "#1"},
				"up": {"uv": [4, 9.5, 3.5, 8.5], "texture": "#1"},
				"down": {"uv": [9, 4, 8.5, 5], "texture": "#1"}
			}
		},
		{
			"from": [14, 10, 7.25],
			"to": [15, 12, 8.75],
			"faces": {
				"north": {"uv": [8.5, 5, 9, 6], "texture": "#1"},
				"east": {"uv": [6, 6.5, 7, 7.5], "texture": "#1"},
				"south": {"uv": [8.5, 6.5, 9, 7.5], "texture": "#1"},
				"west": {"uv": [0, 7, 1, 8], "texture": "#1"},
				"up": {"uv": [8, 9.5, 7.5, 8.5], "texture": "#1"},
				"down": {"uv": [9, 7.5, 8.5, 8.5], "texture": "#1"}
			}
		},
		{
			"from": [7, 5, 7.75],
			"to": [8, 6, 8.25],
			"faces": {
				"north": {"uv": [9, 3.5, 9.5, 4], "texture": "#1"},
				"east": {"uv": [4, 9, 4.5, 9.5], "texture": "#1"},
				"south": {"uv": [9, 4, 9.5, 4.5], "texture": "#1"},
				"west": {"uv": [4.5, 9, 5, 9.5], "texture": "#1"},
				"up": {"uv": [9.5, 5, 9, 4.5], "texture": "#1"},
				"down": {"uv": [5.5, 9, 5, 9.5], "texture": "#1"}
			}
		},
		{
			"from": [8, 6, 7.75],
			"to": [9, 7, 8.25],
			"faces": {
				"north": {"uv": [9, 5, 9.5, 5.5], "texture": "#1"},
				"east": {"uv": [5.5, 9, 6, 9.5], "texture": "#1"},
				"south": {"uv": [9, 5.5, 9.5, 6], "texture": "#1"},
				"west": {"uv": [6, 9, 6.5, 9.5], "texture": "#1"},
				"up": {"uv": [9.5, 6.5, 9, 6], "texture": "#1"},
				"down": {"uv": [7, 9, 6.5, 9.5], "texture": "#1"}
			}
		},
		{
			"from": [9, 7, 7.75],
			"to": [10, 8, 8.25],
			"faces": {
				"north": {"uv": [9, 6.5, 9.5, 7], "texture": "#1"},
				"east": {"uv": [7, 9, 7.5, 9.5], "texture": "#1"},
				"south": {"uv": [9, 7, 9.5, 7.5], "texture": "#1"},
				"west": {"uv": [9, 7.5, 9.5, 8], "texture": "#1"},
				"up": {"uv": [8.5, 9.5, 8, 9], "texture": "#1"},
				"down": {"uv": [9.5, 8, 9, 8.5], "texture": "#1"}
			}
		},
		{
			"from": [6, 4, 7.75],
			"to": [7, 5, 8.25],
			"faces": {
				"north": {"uv": [8.5, 9, 9, 9.5], "texture": "#1"},
				"east": {"uv": [9, 8.5, 9.5, 9], "texture": "#1"},
				"south": {"uv": [9, 9, 9.5, 9.5], "texture": "#1"},
				"west": {"uv": [0, 9.5, 0.5, 10], "texture": "#1"},
				"up": {"uv": [10, 0.5, 9.5, 0], "texture": "#1"},
				"down": {"uv": [1, 9.5, 0.5, 10], "texture": "#1"}
			}
		},
		{
			"from": [5, 3, 7.75],
			"to": [6, 4, 8.25],
			"faces": {
				"north": {"uv": [9.5, 0.5, 10, 1], "texture": "#1"},
				"east": {"uv": [1, 9.5, 1.5, 10], "texture": "#1"},
				"south": {"uv": [9.5, 1, 10, 1.5], "texture": "#1"},
				"west": {"uv": [1.5, 9.5, 2, 10], "texture": "#1"},
				"up": {"uv": [10, 2, 9.5, 1.5], "texture": "#1"},
				"down": {"uv": [2.5, 9.5, 2, 10], "texture": "#1"}
			}
		},
		{
			"from": [11, 9, 7.75],
			"to": [12, 10, 8.25],
			"faces": {
				"north": {"uv": [9.5, 2, 10, 2.5], "texture": "#1"},
				"east": {"uv": [2.5, 9.5, 3, 10], "texture": "#1"},
				"south": {"uv": [9.5, 2.5, 10, 3], "texture": "#1"},
				"west": {"uv": [3, 9.5, 3.5, 10], "texture": "#1"},
				"up": {"uv": [10, 3.5, 9.5, 3], "texture": "#1"},
				"down": {"uv": [4, 9.5, 3.5, 10], "texture": "#1"}
			}
		},
		{
			"from": [10, 8, 7.75],
			"to": [11, 9, 8.25],
			"faces": {
				"north": {"uv": [9.5, 3.5, 10, 4], "texture": "#1"},
				"east": {"uv": [4, 9.5, 4.5, 10], "texture": "#1"},
				"south": {"uv": [9.5, 4, 10, 4.5], "texture": "#1"},
				"west": {"uv": [4.5, 9.5, 5, 10], "texture": "#1"},
				"up": {"uv": [10, 5, 9.5, 4.5], "texture": "#1"},
				"down": {"uv": [5.5, 9.5, 5, 10], "texture": "#1"}
			}
		}
	],
	"display": {
		"thirdperson_righthand": {
			"rotation": [5, -100, 55],
			"translation": [-1.75, -1, 3.5],
			"scale": [0.85, 0.85, 0.85]
		},
		"thirdperson_lefthand": {
			"rotation": [5, 75, -55],
			"translation": [-1.5, -1.25, 3.5],
			"scale": [0.85, 0.85, 0.85]
		},
		"firstperson_righthand": {
			"rotation": [0, -80, 30],
			"translation": [0, 4, 2],
			"scale": [0.7, 0.7, 0.7]
		},
		"firstperson_lefthand": {
			"rotation": [35, 95, -65],
			"translation": [-1, 4.5, 2],
			"scale": [0.7, 0.7, 0.7]
		},
		"ground": {
			"translation": [0, 2, 0],
			"scale": [0.5, 0.5, 0.5]
		},
		"gui": {
			"rotation": [129, 159, -122.5],
			"translation": [1.25, 0.5, 0],
			"scale": [0.95, 0.95, 0.95]
		}
	},
	"groups": [
		{
			"name": "group",
			"origin": [8, 8, 8],
			"color": 0,
			"children": [0, 1, 2, 3, 4, 5, 6, 7, 8, 9, 10, 11, 12, 13, 14, 15, 16, 17, 18, 19, 20, 21, 22, 23]
		}
	]
}