{
	"credit": "Made with Blockbench",
	"textures": {
		"0": "items/custom/netherite_sword/moon_dagger",
		"particle": "items/custom/netherite_sword/moon_dagger"
	},
	"elements": [
		{
			"from": [15, 0, 7.5],
			"to": [16, 2, 8.5],
			"rotation": {"angle": 0, "axis": "y", "origin": [16, 0, 0]},
			"faces": {
				"north": {"uv": [4, 13, 3, 15], "texture": "#0"},
				"east": {"uv": [4, 13, 3, 15], "texture": "#0"},
				"south": {"uv": [4, 13, 3, 15], "texture": "#0"},
				"west": {"uv": [4, 13, 3, 15], "texture": "#0"},
				"up": {"uv": [4, 13, 3, 14], "texture": "#0"},
				"down": {"uv": [4, 14, 3, 15], "texture": "#0"}
			}
		},
		{
			"from": [14, 0, 7.5],
			"to": [15, 3, 8.5],
			"rotation": {"angle": 0, "axis": "y", "origin": [16, 0, 0]},
			"faces": {
				"north": {"uv": [5, 12, 4, 15], "texture": "#0"},
				"east": {"uv": [5, 12, 4, 15], "texture": "#0"},
				"south": {"uv": [5, 12, 4, 15], "texture": "#0"},
				"west": {"uv": [5, 12, 4, 15], "texture": "#0"},
				"up": {"uv": [5, 12, 4, 13], "texture": "#0"},
				"down": {"uv": [5, 14, 4, 15], "texture": "#0"}
			}
		},
		{
			"from": [13, 1, 7.5],
			"to": [14, 2, 8.5],
			"rotation": {"angle": 0, "axis": "y", "origin": [16, 0, 0]},
			"faces": {
				"north": {"uv": [6, 13, 5, 14], "texture": "#0"},
				"east": {"uv": [6, 13, 5, 14], "texture": "#0"},
				"south": {"uv": [6, 13, 5, 14], "texture": "#0"},
				"west": {"uv": [6, 13, 5, 14], "texture": "#0"},
				"up": {"uv": [6, 13, 5, 14], "texture": "#0"},
				"down": {"uv": [6, 13, 5, 14], "texture": "#0"}
			}
		},
		{
			"from": [14, 4, 7.25],
			"to": [15, 5, 8.75],
			"rotation": {"angle": 0, "axis": "y", "origin": [16, 0, 0]},
			"faces": {
				"north": {"uv": [5, 10, 4, 11], "texture": "#0"},
				"east": {"uv": [5, 10, 4, 11], "texture": "#0"},
				"south": {"uv": [5, 10, 4, 11], "texture": "#0"},
				"west": {"uv": [5, 10, 4, 11], "texture": "#0"},
				"up": {"uv": [5, 10, 4, 11], "texture": "#0"},
				"down": {"uv": [5, 10, 4, 11], "texture": "#0"}
			}
		},
		{
			"from": [11, 1, 7.25],
			"to": [12, 2, 8.75],
			"rotation": {"angle": 0, "axis": "y", "origin": [16, 0, 0]},
			"faces": {
				"north": {"uv": [5, 10, 4, 11], "texture": "#0"},
				"east": {"uv": [5, 10, 4, 11], "texture": "#0"},
				"south": {"uv": [5, 10, 4, 11], "texture": "#0"},
				"west": {"uv": [5, 10, 4, 11], "texture": "#0"},
				"up": {"uv": [5, 10, 4, 11], "texture": "#0"},
				"down": {"uv": [5, 10, 4, 11], "texture": "#0"}
			}
		},
		{
			"from": [10, 2, 7.25],
			"to": [11, 3, 8.75],
			"rotation": {"angle": 0, "axis": "y", "origin": [16, 0, 0]},
			"faces": {
				"north": {"uv": [5, 10, 4, 11], "texture": "#0"},
				"east": {"uv": [5, 10, 4, 11], "texture": "#0"},
				"south": {"uv": [5, 10, 4, 11], "texture": "#0"},
				"west": {"uv": [5, 10, 4, 11], "texture": "#0"},
				"up": {"uv": [5, 10, 4, 11], "texture": "#0"},
				"down": {"uv": [5, 10, 4, 11], "texture": "#0"}
			}
		},
		{
			"from": [11, 2, 7.25],
			"to": [14, 5, 8.75],
			"rotation": {"angle": 0, "axis": "y", "origin": [16, 0, 0]},
			"faces": {
				"north": {"uv": [5, 13, 8, 10], "rotation": 270, "texture": "#0"},
				"east": {"uv": [6, 10, 5, 13], "texture": "#0"},
				"south": {"uv": [8, 10, 5, 13], "texture": "#0"},
				"west": {"uv": [8, 10, 7, 13], "texture": "#0"},
				"up": {"uv": [8, 10, 5, 11], "texture": "#0"},
				"down": {"uv": [8, 12, 5, 13], "texture": "#0"}
			}
		},
		{
			"from": [10, 4, 7.5],
			"to": [11, 5, 8.5],
			"rotation": {"angle": 0, "axis": "y", "origin": [16, 0, 0]},
			"faces": {
				"north": {"uv": [9, 10, 8, 11], "texture": "#0"},
				"east": {"uv": [9, 10, 8, 11], "texture": "#0"},
				"south": {"uv": [9, 10, 8, 11], "texture": "#0"},
				"west": {"uv": [9, 10, 8, 11], "texture": "#0"},
				"up": {"uv": [9, 10, 8, 11], "texture": "#0"},
				"down": {"uv": [9, 10, 8, 11], "texture": "#0"}
			}
		},
		{
			"from": [11, 5, 7.5],
			"to": [12, 6, 8.5],
			"rotation": {"angle": 0, "axis": "y", "origin": [16, 0, 0]},
			"faces": {
				"north": {"uv": [9, 10, 8, 11], "texture": "#0"},
				"east": {"uv": [9, 10, 8, 11], "texture": "#0"},
				"south": {"uv": [9, 10, 8, 11], "texture": "#0"},
				"west": {"uv": [9, 10, 8, 11], "texture": "#0"},
				"up": {"uv": [9, 10, 8, 11], "texture": "#0"},
				"down": {"uv": [9, 10, 8, 11], "texture": "#0"}
			}
		},
		{
			"from": [7, 6, 7.5],
			"to": [11, 7, 8.5],
			"rotation": {"angle": 0, "axis": "y", "origin": [16, 0, 0]},
			"faces": {
				"north": {"uv": [12, 8, 8, 9], "rotation": 180, "texture": "#0"},
				"east": {"uv": [9, 8, 8, 9], "texture": "#0"},
				"south": {"uv": [12, 8, 8, 9], "texture": "#0"},
				"west": {"uv": [13, 8, 12, 9], "texture": "#0"},
				"up": {"uv": [12, 8, 8, 9], "texture": "#0"},
				"down": {"uv": [12, 9, 8, 10], "texture": "#0"}
			}
		},
		{
			"from": [7, 5, 7.75],
			"to": [11, 6, 8.25],
			"rotation": {"angle": 0, "axis": "y", "origin": [16, 0, 0]},
			"faces": {
				"north": {"uv": [12, 9, 8, 10], "rotation": 180, "texture": "#0"},
				"east": {"uv": [9, 9, 8, 10], "texture": "#0"},
				"south": {"uv": [12, 9, 8, 10], "texture": "#0"},
				"west": {"uv": [13, 9, 12, 10], "texture": "#0"},
				"up": {"uv": [12, 9, 8, 10], "texture": "#0"},
				"down": {"uv": [12, 9, 8, 10], "texture": "#0"}
			}
		},
		{
			"from": [6, 5, 7.75],
			"to": [7, 7, 8.25],
			"rotation": {"angle": 0, "axis": "y", "origin": [16, 0, 0]},
			"faces": {
				"north": {"uv": [13, 8, 12, 10], "texture": "#0"},
				"east": {"uv": [13, 8, 12, 10], "texture": "#0"},
				"south": {"uv": [13, 8, 12, 10], "texture": "#0"},
				"west": {"uv": [13, 8, 12, 10], "texture": "#0"},
				"up": {"uv": [13, 8, 12, 9], "texture": "#0"},
				"down": {"uv": [13, 9, 12, 10], "texture": "#0"}
			}
		},
		{
			"from": [7, 7, 7.5],
			"to": [8, 12, 8.5],
			"rotation": {"angle": 0, "axis": "y", "origin": [16, 0, 0]},
			"faces": {
				"north": {"uv": [12, 3, 11, 8], "texture": "#0"},
				"east": {"uv": [12, 3, 11, 8], "texture": "#0"},
				"south": {"uv": [12, 3, 11, 8], "texture": "#0"},
				"west": {"uv": [13, 3, 12, 8], "texture": "#0"},
				"up": {"uv": [12, 2, 11, 3], "texture": "#0"},
				"down": {"uv": [12, 7, 11, 8], "texture": "#0"}
			}
		},
		{
			"from": [6, 7, 7.75],
			"to": [7, 12, 8.25],
			"rotation": {"angle": 0, "axis": "y", "origin": [16, 0, 0]},
			"faces": {
				"north": {"uv": [13, 3, 12, 8], "texture": "#0"},
				"east": {"uv": [13, 3, 12, 8], "texture": "#0"},
				"south": {"uv": [13, 3, 12, 8], "texture": "#0"},
				"west": {"uv": [13, 3, 12, 8], "texture": "#0"},
				"up": {"uv": [13, 3, 12, 4], "texture": "#0"},
				"down": {"uv": [13, 7, 12, 8], "texture": "#0"}
			}
		},
		{
			"from": [7, 12, 7.75],
			"to": [8, 13, 8.25],
			"rotation": {"angle": 0, "axis": "y", "origin": [16, 0, 0]},
			"faces": {
				"north": {"uv": [12, 2, 11, 3], "texture": "#0"},
				"east": {"uv": [12, 2, 11, 3], "texture": "#0"},
				"south": {"uv": [12, 2, 11, 3], "texture": "#0"},
				"west": {"uv": [12, 2, 11, 3], "texture": "#0"},
				"up": {"uv": [12, 2, 11, 3], "texture": "#0"},
				"down": {"uv": [12, 2, 11, 3], "texture": "#0"}
			}
		}
	],
	"display": {
		"thirdperson_righthand": {
			"rotation": [90, -90, 55],
			"translation": [0, 6.5, 0],
			"scale": [0.85, 0.85, 0.85]
		},
		"thirdperson_lefthand": {
			"rotation": [0, 90, 55],
			"translation": [0, 6.5, 2.5],
			"scale": [0.85, 0.85, 0.85]
		},
		"firstperson_righthand": {
			"rotation": [0, -90, 25],
			"translation": [1.13, 3.2, 1.13],
			"scale": [0.68, 0.68, 0.68]
		},
		"firstperson_lefthand": {
			"rotation": [0, 90, -25],
			"translation": [1.13, 3.2, 1.13],
			"scale": [0.68, 0.68, 0.68]
		},
		"ground": {
			"translation": [0, 2, 0],
			"scale": [0.5, 0.5, 0.5]
		},
		"gui": {
			"rotation": [18.5, -31.25, 0],
			"translation": [-2, 2.5, 0]
		},
		"fixed": {
			"rotation": [0, 180, 0]
		}
	}
}