{
	"credit": "Made with Blockbench",
	"textures": {
		"0": "./buckler_shield",
		"particle": "./buckler_shield"
	},
	"elements": [
		{
			"from": [5, 0, 7.5],
			"to": [11, 1, 8.5],
			"faces": {
				"north": {"uv": [0, 14, 6, 15], "texture": "#0"},
				"east": {"uv": [0, 14, 1, 15], "texture": "#0"},
				"south": {"uv": [0, 14, 6, 15], "texture": "#0"},
				"west": {"uv": [5, 14, 6, 15], "texture": "#0"},
				"up": {"uv": [0, 14, 6, 15], "texture": "#0"},
				"down": {"uv": [0, 14, 6, 15], "texture": "#0"}
			}
		},
		{
			"from": [0.23223, 1.97487, 7.5],
			"to": [6.23223, 2.97487, 8.5],
			"rotation": {"angle": -45, "axis": "z", "origin": [3.23223, 2.47487, 8]},
			"faces": {
				"north": {"uv": [0, 14, 6, 15], "texture": "#0"},
				"east": {"uv": [0, 14, 1, 15], "texture": "#0"},
				"south": {"uv": [0, 14, 6, 15], "texture": "#0"},
				"west": {"uv": [5, 14, 6, 15], "texture": "#0"},
				"up": {"uv": [0, 14, 6, 15], "texture": "#0"},
				"down": {"uv": [0, 14, 6, 15], "texture": "#0"}
			}
		},
		{
			"from": [0.75736, 9.01041, 7.5],
			"to": [1.75736, 15.01041, 8.5],
			"rotation": {"angle": -45, "axis": "z", "origin": [2.2448, 9.62652, 8]},
			"faces": {
				"north": {"uv": [0, 14, 6, 15], "rotation": 270, "texture": "#0"},
				"east": {"uv": [0, 14, 6, 15], "rotation": 90, "texture": "#0"},
				"south": {"uv": [0, 14, 6, 15], "rotation": 90, "texture": "#0"},
				"west": {"uv": [0, 14, 6, 15], "rotation": 90, "texture": "#0"},
				"up": {"uv": [0, 14, 1, 15], "rotation": 90, "texture": "#0"},
				"down": {"uv": [5, 14, 6, 15], "rotation": 90, "texture": "#0"}
			}
		},
		{
			"from": [0.75736, 4.24264, 7.5],
			"to": [1.75736, 10.24264, 8.5],
			"rotation": {"angle": 0, "axis": "z", "origin": [2.2448, 9.62652, 8]},
			"faces": {
				"north": {"uv": [0, 14, 6, 15], "rotation": 270, "texture": "#0"},
				"east": {"uv": [0, 14, 6, 15], "rotation": 90, "texture": "#0"},
				"south": {"uv": [0, 14, 6, 15], "rotation": 90, "texture": "#0"},
				"west": {"uv": [0, 14, 6, 15], "rotation": 90, "texture": "#0"},
				"up": {"uv": [0, 14, 1, 15], "rotation": 90, "texture": "#0"},
				"down": {"uv": [0, 14, 1, 15], "rotation": 90, "texture": "#0"}
			}
		},
		{
			"from": [5, 13.48528, 7.5],
			"to": [11, 14.48528, 8.5],
			"rotation": {"angle": 0, "axis": "z", "origin": [12.06954, 8.9283, 8]},
			"faces": {
				"north": {"uv": [0, 14, 6, 15], "rotation": 180, "texture": "#0"},
				"east": {"uv": [0, 14, 1, 15], "rotation": 180, "texture": "#0"},
				"south": {"uv": [0, 14, 6, 15], "rotation": 180, "texture": "#0"},
				"west": {"uv": [5, 14, 6, 15], "rotation": 180, "texture": "#0"},
				"up": {"uv": [0, 14, 6, 15], "rotation": 180, "texture": "#0"},
				"down": {"uv": [0, 14, 6, 15], "rotation": 180, "texture": "#0"}
			}
		},
		{
			"from": [7.38388, 11.1014, 7.5],
			"to": [13.38388, 12.1014, 8.5],
			"rotation": {"angle": -45, "axis": "z", "origin": [12.06954, 8.9283, 8]},
			"faces": {
				"north": {"uv": [0, 14, 6, 15], "rotation": 180, "texture": "#0"},
				"east": {"uv": [0, 14, 1, 15], "rotation": 180, "texture": "#0"},
				"south": {"uv": [0, 14, 6, 15], "rotation": 180, "texture": "#0"},
				"west": {"uv": [5, 14, 6, 15], "rotation": 180, "texture": "#0"},
				"up": {"uv": [0, 14, 6, 15], "rotation": 180, "texture": "#0"},
				"down": {"uv": [0, 14, 6, 15], "rotation": 180, "texture": "#0"}
			}
		},
		{
			"from": [16.62652, 1.85876, 7.5],
			"to": [17.62652, 7.85876, 8.5],
			"rotation": {"angle": -45, "axis": "z", "origin": [12.06954, 8.9283, 8]},
			"faces": {
				"north": {"uv": [0, 14, 6, 15], "rotation": 90, "texture": "#0"},
				"east": {"uv": [0, 14, 6, 15], "rotation": 270, "texture": "#0"},
				"south": {"uv": [0, 14, 6, 15], "rotation": 270, "texture": "#0"},
				"west": {"uv": [0, 14, 6, 15], "rotation": 270, "texture": "#0"},
				"up": {"uv": [0, 14, 1, 15], "rotation": 270, "texture": "#0"},
				"down": {"uv": [0, 14, 1, 15], "rotation": 270, "texture": "#0"}
			}
		},
		{
			"from": [14.24264, 4.24264, 7.5],
			"to": [15.24264, 10.24264, 8.5],
			"rotation": {"angle": 0, "axis": "z", "origin": [12.06954, 8.9283, 8]},
			"faces": {
				"north": {"uv": [0, 14, 6, 15], "rotation": 90, "texture": "#0"},
				"east": {"uv": [0, 14, 6, 15], "rotation": 270, "texture": "#0"},
				"south": {"uv": [0, 14, 6, 15], "rotation": 270, "texture": "#0"},
				"west": {"uv": [0, 14, 6, 15], "rotation": 270, "texture": "#0"},
				"up": {"uv": [0, 14, 1, 15], "rotation": 270, "texture": "#0"},
				"down": {"uv": [0, 14, 1, 15], "rotation": 270, "texture": "#0"}
			}
		},
		{
			"from": [1, 0.25, 8],
			"to": [15, 14.25, 8],
			"faces": {
				"north": {"uv": [0, 0, 14, 14], "texture": "#0"},
				"east": {"uv": [0, 0, 0, 14], "texture": "#0"},
				"south": {"uv": [0, 0, 14, 14], "texture": "#0"},
				"west": {"uv": [0, 0, 0, 14], "texture": "#0"},
				"up": {"uv": [0, 0, 14, 0], "texture": "#0"},
				"down": {"uv": [0, 0, 14, 0], "texture": "#0"}
			}
		},
		{
			"from": [6, 5.25, 8.005],
			"to": [10, 9.25, 8.005],
			"faces": {
				"north": {"uv": [0, 0, 14, 14], "texture": "#0"},
				"east": {"uv": [0, 0, 0, 14], "texture": "#0"},
				"south": {"uv": [5, 1, 9, 5], "texture": "#0"},
				"west": {"uv": [0, 0, 0, 14], "texture": "#0"},
				"up": {"uv": [0, 0, 14, 0], "texture": "#0"},
				"down": {"uv": [0, 0, 14, 0], "texture": "#0"}
			}
		},
		{
			"from": [7, 4, 8.025],
			"to": [9, 5, 13.025],
			"faces": {
				"north": {"uv": [14, 10, 16, 11], "texture": "#0"},
				"east": {"uv": [10, 15, 14, 16], "texture": "#0"},
				"south": {"uv": [14, 15, 16, 16], "texture": "#0"},
				"west": {"uv": [10, 15, 14, 16], "texture": "#0"},
				"up": {"uv": [14, 11, 16, 15], "texture": "#0"},
				"down": {"uv": [14, 11, 16, 15], "texture": "#0"}
			}
		},
		{
			"from": [7, 9, 8.025],
			"to": [9, 10, 13.025],
			"faces": {
				"north": {"uv": [14, 10, 16, 11], "texture": "#0"},
				"east": {"uv": [10, 15, 14, 16], "texture": "#0"},
				"south": {"uv": [14, 15, 16, 16], "texture": "#0"},
				"west": {"uv": [10, 15, 14, 16], "texture": "#0"},
				"up": {"uv": [14, 11, 16, 15], "texture": "#0"},
				"down": {"uv": [14, 11, 16, 15], "texture": "#0"}
			}
		},
		{
			"from": [7, 5, 13.025],
			"to": [9, 9, 14.025],
			"faces": {
				"north": {"uv": [14, 11, 16, 15], "texture": "#0"},
				"east": {"uv": [15, 6, 16, 10], "texture": "#0"},
				"south": {"uv": [14, 11, 16, 15], "texture": "#0"},
				"west": {"uv": [15, 6, 16, 10], "texture": "#0"},
				"up": {"uv": [14, 10, 16, 11], "texture": "#0"},
				"down": {"uv": [14, 15, 16, 16], "texture": "#0"}
			}
		}
	],
	"display": {
		"thirdperson_righthand": {
			"rotation": [34.25, -31.25, 0],
			"translation": [1.75, 0.25, -0.75]
		},
		"firstperson_righthand": {
			"rotation": [-2.25, -16.75, 0],
			"translation": [-1, 0.75, 2]
		},
		"firstperson_lefthand": {
			"rotation": [-2.25, -16.75, 0],
			"translation": [-1, 0.75, 2]
		},
		"ground": {
			"translation": [0, 2, 0],
			"scale": [0.5, 0.5, 0.5]
		},
		"gui": {
			"rotation": [-13.5, 157.5, 0],
			"translation": [0, 0.5, 0]
		},
		"head": {
			"rotation": [-180, 0, 0],
			"translation": [0, -0.75, 7.75]
		},
		"fixed": {
			"translation": [0, 0, -0.5]
		}
	},
	"groups": [
		{
			"name": "bone",
			"origin": [0, 0, 0],
			"color": 0,
			"children": [0, 1, 2, 3, 4, 5, 6, 7, 8, 9,
				{
					"name": "group",
					"origin": [0, 0, 0],
					"color": 0,
					"children": [10, 11, 12]
				}
			]
		}
	]
}