{
	"credit": "Made with Blockbench",
	"texture_size": [32, 32],
	"textures": {
		"0": "items/custom/stick/pipe_wrench/wrench_base",
		"particle": "items/custom/stick/pipe_wrench/wrench_base"
	},
	"elements": [
		{
			"from": [7.25, -13.73137, 7.76863],
			"to": [8.75, 4.26863, 8.26863],
			"rotation": {"angle": 0, "axis": "y", "origin": [8, 5.5, 8]},
			"faces": {
				"north": {"uv": [0, 0, 1, 9], "texture": "#0"},
				"east": {"uv": [6, 0, 6.5, 9], "texture": "#0"},
				"south": {"uv": [1, 0, 2, 9], "texture": "#0"},
				"west": {"uv": [6.5, 0, 7, 9], "texture": "#0"},
				"up": {"uv": [10.5, 3, 9.5, 2.5], "texture": "#0"},
				"down": {"uv": [10.5, 3, 9.5, 3.5], "texture": "#0"}
			}
		},
		{
			"from": [7, 5.26863, 7.51863],
			"to": [9, 8.26863, 8.51863],
			"rotation": {"angle": 0, "axis": "y", "origin": [8, 5.5, 8]},
			"faces": {
				"north": {"uv": [7, 0, 8, 1.5], "texture": "#0"},
				"east": {"uv": [8.5, 0, 9, 1.5], "texture": "#0"},
				"south": {"uv": [7, 1.5, 8, 3], "texture": "#0"},
				"west": {"uv": [8.5, 1.5, 9, 3], "texture": "#0"},
				"up": {"uv": [10.5, 4, 9.5, 3.5], "texture": "#0"},
				"down": {"uv": [10.5, 4, 9.5, 4.5], "texture": "#0"}
			}
		},
		{
			"from": [6.9, 4.26863, 7.26863],
			"to": [9.1, 5.26863, 8.76863],
			"rotation": {"angle": 0, "axis": "y", "origin": [8, 5.5, 8]},
			"faces": {
				"north": {"uv": [9.5, 4.5, 10.5, 5], "texture": "#0"},
				"east": {"uv": [8, 2.5, 8.5, 3], "texture": "#0"},
				"south": {"uv": [9.5, 5, 10.5, 5.5], "texture": "#0"},
				"west": {"uv": [10.5, 1, 11, 1.5], "texture": "#0"},
				"up": {"uv": [10.5, 6, 9.5, 5.5], "texture": "#0"},
				"down": {"uv": [10.5, 6, 9.5, 6.5], "texture": "#0"}
			}
		},
		{
			"from": [7, -15.73137, 7.51863],
			"to": [7.25, 4.26863, 8.51863],
			"rotation": {"angle": 0, "axis": "y", "origin": [8, 5.5, 8]},
			"faces": {
				"north": {"uv": [2, 0, 2.5, 10], "texture": "#0"},
				"east": {"uv": [2.5, 0, 3, 10], "texture": "#0"},
				"south": {"uv": [3, 0, 3.5, 10], "texture": "#0"},
				"west": {"uv": [3.5, 0, 4, 10], "texture": "#0"},
				"up": {"uv": [11, 10, 10.5, 9.5], "texture": "#0"},
				"down": {"uv": [11, 10, 10.5, 10.5], "texture": "#0"}
			}
		},
		{
			"from": [8.75, -15.73137, 7.51863],
			"to": [9, 4.26863, 8.51863],
			"rotation": {"angle": 0, "axis": "y", "origin": [8, 5.5, 8]},
			"faces": {
				"north": {"uv": [4, 0, 4.5, 10], "texture": "#0"},
				"east": {"uv": [4.5, 0, 5, 10], "texture": "#0"},
				"south": {"uv": [5, 0, 5.5, 10], "texture": "#0"},
				"west": {"uv": [5.5, 0, 6, 10], "texture": "#0"},
				"up": {"uv": [11, 11, 10.5, 10.5], "texture": "#0"},
				"down": {"uv": [11.5, 0, 11, 0.5], "texture": "#0"}
			}
		},
		{
			"from": [6, 8.26863, 7.51863],
			"to": [11, 9.26863, 8.51863],
			"rotation": {"angle": 0, "axis": "y", "origin": [8, 5.5, 8]},
			"faces": {
				"north": {"uv": [7, 3, 9.5, 3.5], "texture": "#0"},
				"east": {"uv": [11, 0.5, 11.5, 1], "texture": "#0"},
				"south": {"uv": [7, 3.5, 9.5, 4], "texture": "#0"},
				"west": {"uv": [1, 11, 1.5, 11.5], "texture": "#0"},
				"up": {"uv": [9.5, 4.5, 7, 4], "texture": "#0"},
				"down": {"uv": [9.5, 4.5, 7, 5], "texture": "#0"}
			}
		},
		{
			"from": [4.63166, 6.03484, 7.61863],
			"to": [6.13166, 7.03484, 8.41863],
			"rotation": {"angle": -45, "axis": "z", "origin": [8, 5.5, 8]},
			"faces": {
				"north": {"uv": [9.5, 6.5, 10.5, 7], "texture": "#0"},
				"east": {"uv": [11, 1, 11.5, 1.5], "texture": "#0"},
				"south": {"uv": [7, 9.5, 8, 10], "texture": "#0"},
				"west": {"uv": [11, 1.5, 11.5, 2], "texture": "#0"},
				"up": {"uv": [9, 10, 8, 9.5], "texture": "#0"},
				"down": {"uv": [10, 9.5, 9, 10], "texture": "#0"}
			}
		},
		{
			"from": [8.5814, 5.34195, 7.46863],
			"to": [9.5814, 5.84195, 8.56863],
			"rotation": {"angle": -45, "axis": "z", "origin": [8, 5.5, 8]},
			"faces": {
				"north": {"uv": [11, 2, 11.5, 2.5], "texture": "#0"},
				"east": {"uv": [11, 2.5, 11.5, 3], "texture": "#0"},
				"south": {"uv": [11, 3, 11.5, 3.5], "texture": "#0"},
				"west": {"uv": [11, 3.5, 11.5, 4], "texture": "#0"},
				"up": {"uv": [11.5, 4.5, 11, 4], "texture": "#0"},
				"down": {"uv": [11.5, 4.5, 11, 5], "texture": "#0"}
			}
		},
		{
			"from": [8.5814, 5.84195, 8.36863],
			"to": [9.5814, 7.34195, 8.56863],
			"rotation": {"angle": -45, "axis": "z", "origin": [8, 5.5, 8]},
			"faces": {
				"north": {"uv": [5, 11, 5.5, 11.5], "texture": "#0"},
				"east": {"uv": [11, 5, 11.5, 5.5], "texture": "#0"},
				"south": {"uv": [5.5, 11, 6, 11.5], "texture": "#0"},
				"west": {"uv": [11, 5.5, 11.5, 6], "texture": "#0"},
				"up": {"uv": [11.5, 6.5, 11, 6], "texture": "#0"},
				"down": {"uv": [11.5, 6.5, 11, 7], "texture": "#0"}
			}
		},
		{
			"from": [8.5814, 5.84195, 7.46863],
			"to": [9.5814, 7.34195, 7.66863],
			"rotation": {"angle": -45, "axis": "z", "origin": [8, 5.5, 8]},
			"faces": {
				"north": {"uv": [7, 11, 7.5, 11.5], "texture": "#0"},
				"east": {"uv": [11, 7, 11.5, 7.5], "texture": "#0"},
				"south": {"uv": [7.5, 11, 8, 11.5], "texture": "#0"},
				"west": {"uv": [11, 7.5, 11.5, 8], "texture": "#0"},
				"up": {"uv": [8.5, 11.5, 8, 11], "texture": "#0"},
				"down": {"uv": [11.5, 8, 11, 8.5], "texture": "#0"}
			}
		},
		{
			"from": [7.25, -15.73137, 7.51863],
			"to": [8.75, -15.48137, 8.51863],
			"rotation": {"angle": 0, "axis": "y", "origin": [8, 5.5, 8]},
			"faces": {
				"north": {"uv": [0, 10, 1, 10.5], "texture": "#0"},
				"east": {"uv": [8.5, 11, 9, 11.5], "texture": "#0"},
				"south": {"uv": [2, 10, 3, 10.5], "texture": "#0"},
				"west": {"uv": [11, 8.5, 11.5, 9], "texture": "#0"},
				"up": {"uv": [4, 10.5, 3, 10], "texture": "#0"},
				"down": {"uv": [5, 10, 4, 10.5], "texture": "#0"}
			}
		},
		{
			"from": [5.75, 9.26863, 7.26863],
			"to": [8.75, 9.51863, 8.76863],
			"rotation": {"angle": 0, "axis": "y", "origin": [8, 5.5, 8]},
			"faces": {
				"north": {"uv": [8.5, 7, 10, 7.5], "texture": "#0"},
				"east": {"uv": [9, 11, 9.5, 11.5], "texture": "#0"},
				"south": {"uv": [8.5, 7.5, 10, 8], "texture": "#0"},
				"west": {"uv": [11, 9, 11.5, 9.5], "texture": "#0"},
				"up": {"uv": [10, 8.5, 8.5, 8], "texture": "#0"},
				"down": {"uv": [10, 8.5, 8.5, 9], "texture": "#0"}
			}
		},
		{
			"from": [5.75, 11.01863, 7.26863],
			"to": [8.75, 11.26863, 8.76863],
			"rotation": {"angle": 0, "axis": "y", "origin": [8, 5.5, 8]},
			"faces": {
				"north": {"uv": [0, 9, 1.5, 9.5], "texture": "#0"},
				"east": {"uv": [9.5, 11, 10, 11.5], "texture": "#0"},
				"south": {"uv": [9, 0, 10.5, 0.5], "texture": "#0"},
				"west": {"uv": [11, 9.5, 11.5, 10], "texture": "#0"},
				"up": {"uv": [10.5, 1, 9, 0.5], "texture": "#0"},
				"down": {"uv": [10.5, 1, 9, 1.5], "texture": "#0"}
			}
		},
		{
			"from": [6, 11.26863, 7.51863],
			"to": [10.5, 11.76863, 8.51863],
			"rotation": {"angle": 0, "axis": "y", "origin": [8, 5.5, 8]},
			"faces": {
				"north": {"uv": [7, 5, 9.5, 5.5], "texture": "#0"},
				"east": {"uv": [10, 11, 10.5, 11.5], "texture": "#0"},
				"south": {"uv": [7, 5.5, 9.5, 6], "texture": "#0"},
				"west": {"uv": [11, 10, 11.5, 10.5], "texture": "#0"},
				"up": {"uv": [9.5, 6.5, 7, 6], "texture": "#0"},
				"down": {"uv": [9.5, 6.5, 7, 7], "texture": "#0"}
			}
		},
		{
			"from": [9.75, 3.76863, 7.76863],
			"to": [10.25, 8.26863, 8.26863],
			"rotation": {"angle": 0, "axis": "y", "origin": [8, 5.5, 8]},
			"faces": {
				"north": {"uv": [7, 7, 7.5, 9.5], "texture": "#0"},
				"east": {"uv": [7.5, 7, 8, 9.5], "texture": "#0"},
				"south": {"uv": [8, 0, 8.5, 2.5], "texture": "#0"},
				"west": {"uv": [8, 7, 8.5, 9.5], "texture": "#0"},
				"up": {"uv": [11, 11.5, 10.5, 11], "texture": "#0"},
				"down": {"uv": [11.5, 10.5, 11, 11], "texture": "#0"}
			}
		},
		{
			"from": [10.31884, 5.85807, 7.86863],
			"to": [10.71884, 6.25807, 8.16863],
			"rotation": {"angle": -45, "axis": "z", "origin": [8, 5.5, 8]},
			"faces": {
				"north": {"uv": [11, 11, 11.5, 11.5], "texture": "#0"},
				"east": {"uv": [0, 11.5, 0.5, 12], "texture": "#0"},
				"south": {"uv": [11.5, 0, 12, 0.5], "texture": "#0"},
				"west": {"uv": [0.5, 11.5, 1, 12], "texture": "#0"},
				"up": {"uv": [12, 1, 11.5, 0.5], "texture": "#0"},
				"down": {"uv": [1.5, 11.5, 1, 12], "texture": "#0"}
			}
		},
		{
			"from": [9.81884, 6.35807, 7.86863],
			"to": [10.21884, 6.75807, 8.16863],
			"rotation": {"angle": -45, "axis": "z", "origin": [8, 5.5, 8]},
			"faces": {
				"north": {"uv": [11.5, 1, 12, 1.5], "texture": "#0"},
				"east": {"uv": [1.5, 11.5, 2, 12], "texture": "#0"},
				"south": {"uv": [11.5, 1.5, 12, 2], "texture": "#0"},
				"west": {"uv": [2, 11.5, 2.5, 12], "texture": "#0"},
				"up": {"uv": [12, 2.5, 11.5, 2], "texture": "#0"},
				"down": {"uv": [3, 11.5, 2.5, 12], "texture": "#0"}
			}
		},
		{
			"from": [9.31884, 6.85807, 7.86863],
			"to": [9.71884, 7.25807, 8.16863],
			"rotation": {"angle": -45, "axis": "z", "origin": [8, 5.5, 8]},
			"faces": {
				"north": {"uv": [11.5, 2.5, 12, 3], "texture": "#0"},
				"east": {"uv": [3, 11.5, 3.5, 12], "texture": "#0"},
				"south": {"uv": [11.5, 3, 12, 3.5], "texture": "#0"},
				"west": {"uv": [3.5, 11.5, 4, 12], "texture": "#0"},
				"up": {"uv": [12, 4, 11.5, 3.5], "texture": "#0"},
				"down": {"uv": [4.5, 11.5, 4, 12], "texture": "#0"}
			}
		},
		{
			"from": [8.81884, 7.35807, 7.86863],
			"to": [9.21884, 7.75807, 8.16863],
			"rotation": {"angle": -45, "axis": "z", "origin": [8, 5.5, 8]},
			"faces": {
				"north": {"uv": [11.5, 4, 12, 4.5], "texture": "#0"},
				"east": {"uv": [4.5, 11.5, 5, 12], "texture": "#0"},
				"south": {"uv": [11.5, 4.5, 12, 5], "texture": "#0"},
				"west": {"uv": [5, 11.5, 5.5, 12], "texture": "#0"},
				"up": {"uv": [12, 5.5, 11.5, 5], "texture": "#0"},
				"down": {"uv": [6, 11.5, 5.5, 12], "texture": "#0"}
			}
		},
		{
			"from": [7.81884, 8.35807, 7.86863],
			"to": [8.21884, 8.75807, 8.16863],
			"rotation": {"angle": -45, "axis": "z", "origin": [8, 5.5, 8]},
			"faces": {
				"north": {"uv": [11.5, 5.5, 12, 6], "texture": "#0"},
				"east": {"uv": [6, 11.5, 6.5, 12], "texture": "#0"},
				"south": {"uv": [11.5, 6, 12, 6.5], "texture": "#0"},
				"west": {"uv": [6.5, 11.5, 7, 12], "texture": "#0"},
				"up": {"uv": [12, 7, 11.5, 6.5], "texture": "#0"},
				"down": {"uv": [7.5, 11.5, 7, 12], "texture": "#0"}
			}
		},
		{
			"from": [8.31884, 7.85807, 7.86863],
			"to": [8.71884, 8.25807, 8.16863],
			"rotation": {"angle": -45, "axis": "z", "origin": [8, 5.5, 8]},
			"faces": {
				"north": {"uv": [11.5, 7, 12, 7.5], "texture": "#0"},
				"east": {"uv": [7.5, 11.5, 8, 12], "texture": "#0"},
				"south": {"uv": [11.5, 7.5, 12, 8], "texture": "#0"},
				"west": {"uv": [8, 11.5, 8.5, 12], "texture": "#0"},
				"up": {"uv": [12, 8.5, 11.5, 8], "texture": "#0"},
				"down": {"uv": [9, 11.5, 8.5, 12], "texture": "#0"}
			}
		},
		{
			"from": [7.31884, 8.35807, 7.86863],
			"to": [7.71884, 8.75807, 8.16863],
			"rotation": {"angle": -45, "axis": "z", "origin": [8, 5.5, 8]},
			"faces": {
				"north": {"uv": [11.5, 8.5, 12, 9], "texture": "#0"},
				"east": {"uv": [9, 11.5, 9.5, 12], "texture": "#0"},
				"south": {"uv": [11.5, 9, 12, 9.5], "texture": "#0"},
				"west": {"uv": [9.5, 11.5, 10, 12], "texture": "#0"},
				"up": {"uv": [12, 10, 11.5, 9.5], "texture": "#0"},
				"down": {"uv": [10.5, 11.5, 10, 12], "texture": "#0"}
			}
		},
		{
			"from": [7.81884, 7.85807, 7.86863],
			"to": [8.21884, 8.25807, 8.16863],
			"rotation": {"angle": -45, "axis": "z", "origin": [8, 5.5, 8]},
			"faces": {
				"north": {"uv": [11.5, 10, 12, 10.5], "texture": "#0"},
				"east": {"uv": [10.5, 11.5, 11, 12], "texture": "#0"},
				"south": {"uv": [11.5, 10.5, 12, 11], "texture": "#0"},
				"west": {"uv": [11, 11.5, 11.5, 12], "texture": "#0"},
				"up": {"uv": [12, 11.5, 11.5, 11], "texture": "#0"},
				"down": {"uv": [12, 11.5, 11.5, 12], "texture": "#0"}
			}
		},
		{
			"from": [8.31884, 7.35807, 7.86863],
			"to": [8.71884, 7.75807, 8.16863],
			"rotation": {"angle": -45, "axis": "z", "origin": [8, 5.5, 8]},
			"faces": {
				"north": {"uv": [0, 12, 0.5, 12.5], "texture": "#0"},
				"east": {"uv": [12, 0, 12.5, 0.5], "texture": "#0"},
				"south": {"uv": [0.5, 12, 1, 12.5], "texture": "#0"},
				"west": {"uv": [12, 0.5, 12.5, 1], "texture": "#0"},
				"up": {"uv": [1.5, 12.5, 1, 12], "texture": "#0"},
				"down": {"uv": [12.5, 1, 12, 1.5], "texture": "#0"}
			}
		},
		{
			"from": [8.81884, 6.85807, 7.86863],
			"to": [9.21884, 7.25807, 8.16863],
			"rotation": {"angle": -45, "axis": "z", "origin": [8, 5.5, 8]},
			"faces": {
				"north": {"uv": [1.5, 12, 2, 12.5], "texture": "#0"},
				"east": {"uv": [12, 1.5, 12.5, 2], "texture": "#0"},
				"south": {"uv": [2, 12, 2.5, 12.5], "texture": "#0"},
				"west": {"uv": [12, 2, 12.5, 2.5], "texture": "#0"},
				"up": {"uv": [3, 12.5, 2.5, 12], "texture": "#0"},
				"down": {"uv": [12.5, 2.5, 12, 3], "texture": "#0"}
			}
		},
		{
			"from": [9.31884, 6.35807, 7.86863],
			"to": [9.71884, 6.75807, 8.16863],
			"rotation": {"angle": -45, "axis": "z", "origin": [8, 5.5, 8]},
			"faces": {
				"north": {"uv": [3, 12, 3.5, 12.5], "texture": "#0"},
				"east": {"uv": [12, 3, 12.5, 3.5], "texture": "#0"},
				"south": {"uv": [3.5, 12, 4, 12.5], "texture": "#0"},
				"west": {"uv": [12, 3.5, 12.5, 4], "texture": "#0"},
				"up": {"uv": [4.5, 12.5, 4, 12], "texture": "#0"},
				"down": {"uv": [12.5, 4, 12, 4.5], "texture": "#0"}
			}
		},
		{
			"from": [9.81884, 5.85807, 7.86863],
			"to": [10.21884, 6.25807, 8.16863],
			"rotation": {"angle": -45, "axis": "z", "origin": [8, 5.5, 8]},
			"faces": {
				"north": {"uv": [4.5, 12, 5, 12.5], "texture": "#0"},
				"east": {"uv": [12, 4.5, 12.5, 5], "texture": "#0"},
				"south": {"uv": [5, 12, 5.5, 12.5], "texture": "#0"},
				"west": {"uv": [12, 5, 12.5, 5.5], "texture": "#0"},
				"up": {"uv": [6, 12.5, 5.5, 12], "texture": "#0"},
				"down": {"uv": [12.5, 5.5, 12, 6], "texture": "#0"}
			}
		},
		{
			"from": [9.5, 8.76863, 7.61863],
			"to": [10.75, 11.26863, 8.41863],
			"rotation": {"angle": 0, "axis": "y", "origin": [8, 5.5, 8]},
			"faces": {
				"north": {"uv": [1.5, 9, 2, 10.5], "texture": "#0"},
				"east": {"uv": [9, 1.5, 9.5, 3], "texture": "#0"},
				"south": {"uv": [6, 9, 6.5, 10.5], "texture": "#0"},
				"west": {"uv": [6.5, 9, 7, 10.5], "texture": "#0"},
				"up": {"uv": [6.5, 12.5, 6, 12], "texture": "#0"},
				"down": {"uv": [12.5, 6, 12, 6.5], "texture": "#0"}
			}
		},
		{
			"from": [7, 11.76863, 7.61863],
			"to": [10, 12.26863, 8.41863],
			"rotation": {"angle": 0, "axis": "y", "origin": [8, 5.5, 8]},
			"faces": {
				"north": {"uv": [8.5, 9, 10, 9.5], "texture": "#0"},
				"east": {"uv": [6.5, 12, 7, 12.5], "texture": "#0"},
				"south": {"uv": [0, 9.5, 1.5, 10], "texture": "#0"},
				"west": {"uv": [12, 6.5, 12.5, 7], "texture": "#0"},
				"up": {"uv": [11, 2, 9.5, 1.5], "texture": "#0"},
				"down": {"uv": [11, 2, 9.5, 2.5], "texture": "#0"}
			}
		},
		{
			"from": [9, 6.36863, 7.51863],
			"to": [9.5, 8.16863, 8.51863],
			"rotation": {"angle": 0, "axis": "y", "origin": [8, 5.5, 8]},
			"faces": {
				"north": {"uv": [1, 10, 1.5, 11], "texture": "#0"},
				"east": {"uv": [5, 10, 5.5, 11], "texture": "#0"},
				"south": {"uv": [5.5, 10, 6, 11], "texture": "#0"},
				"west": {"uv": [7, 10, 7.5, 11], "texture": "#0"},
				"up": {"uv": [7.5, 12.5, 7, 12], "texture": "#0"},
				"down": {"uv": [12.5, 7, 12, 7.5], "texture": "#0"}
			}
		},
		{
			"from": [10.5, 6.36863, 7.51863],
			"to": [11, 8.16863, 8.51863],
			"rotation": {"angle": 0, "axis": "y", "origin": [8, 5.5, 8]},
			"faces": {
				"north": {"uv": [10, 7, 10.5, 8], "texture": "#0"},
				"east": {"uv": [7.5, 10, 8, 11], "texture": "#0"},
				"south": {"uv": [8, 10, 8.5, 11], "texture": "#0"},
				"west": {"uv": [10, 8, 10.5, 9], "texture": "#0"},
				"up": {"uv": [8, 12.5, 7.5, 12], "texture": "#0"},
				"down": {"uv": [12.5, 7.5, 12, 8], "texture": "#0"}
			}
		},
		{
			"from": [9.97846, 6.36863, 6.25952],
			"to": [10.47846, 8.16863, 6.95952],
			"rotation": {"angle": -45, "axis": "y", "origin": [8, 5.5, 8]},
			"faces": {
				"north": {"uv": [8.5, 10, 9, 11], "texture": "#0"},
				"east": {"uv": [9, 10, 9.5, 11], "texture": "#0"},
				"south": {"uv": [10, 9, 10.5, 10], "texture": "#0"},
				"west": {"uv": [9.5, 10, 10, 11], "texture": "#0"},
				"up": {"uv": [8.5, 12.5, 8, 12], "texture": "#0"},
				"down": {"uv": [12.5, 8, 12, 8.5], "texture": "#0"}
			}
		},
		{
			"from": [8.35714, 6.36863, 6.26663],
			"to": [8.85714, 8.16863, 6.96663],
			"rotation": {"angle": -45, "axis": "y", "origin": [8, 5.5, 8]},
			"faces": {
				"north": {"uv": [10, 10, 10.5, 11], "texture": "#0"},
				"east": {"uv": [0, 10.5, 0.5, 11.5], "texture": "#0"},
				"south": {"uv": [10.5, 0, 11, 1], "texture": "#0"},
				"west": {"uv": [0.5, 10.5, 1, 11.5], "texture": "#0"},
				"up": {"uv": [9, 12.5, 8.5, 12], "texture": "#0"},
				"down": {"uv": [12.5, 8.5, 12, 9], "texture": "#0"}
			}
		},
		{
			"from": [8.35714, 6.36863, 9.07774],
			"to": [8.85714, 8.16863, 9.77774],
			"rotation": {"angle": 45, "axis": "y", "origin": [8, 5.5, 8]},
			"faces": {
				"north": {"uv": [1.5, 10.5, 2, 11.5], "texture": "#0"},
				"east": {"uv": [2, 10.5, 2.5, 11.5], "texture": "#0"},
				"south": {"uv": [2.5, 10.5, 3, 11.5], "texture": "#0"},
				"west": {"uv": [10.5, 2.5, 11, 3.5], "texture": "#0"},
				"up": {"uv": [9.5, 12.5, 9, 12], "texture": "#0"},
				"down": {"uv": [12.5, 9, 12, 9.5], "texture": "#0"}
			}
		},
		{
			"from": [9.97846, 6.36863, 9.07063],
			"to": [10.47846, 8.16863, 9.77063],
			"rotation": {"angle": 45, "axis": "y", "origin": [8, 5.5, 8]},
			"faces": {
				"north": {"uv": [3, 10.5, 3.5, 11.5], "texture": "#0"},
				"east": {"uv": [3.5, 10.5, 4, 11.5], "texture": "#0"},
				"south": {"uv": [10.5, 3.5, 11, 4.5], "texture": "#0"},
				"west": {"uv": [4, 10.5, 4.5, 11.5], "texture": "#0"},
				"up": {"uv": [10, 12.5, 9.5, 12], "texture": "#0"},
				"down": {"uv": [12.5, 9.5, 12, 10], "texture": "#0"}
			}
		},
		{
			"from": [9.5, 6.36863, 8.51863],
			"to": [10.5, 8.16863, 9.01863],
			"rotation": {"angle": 0, "axis": "y", "origin": [8, 5.5, 8]},
			"faces": {
				"north": {"uv": [4.5, 10.5, 5, 11.5], "texture": "#0"},
				"east": {"uv": [10.5, 4.5, 11, 5.5], "texture": "#0"},
				"south": {"uv": [10.5, 5.5, 11, 6.5], "texture": "#0"},
				"west": {"uv": [6, 10.5, 6.5, 11.5], "texture": "#0"},
				"up": {"uv": [10.5, 12.5, 10, 12], "texture": "#0"},
				"down": {"uv": [12.5, 10, 12, 10.5], "texture": "#0"}
			}
		},
		{
			"from": [9.5, 6.36863, 7.01863],
			"to": [10.5, 8.16863, 7.51863],
			"rotation": {"angle": 0, "axis": "y", "origin": [8, 5.5, 8]},
			"faces": {
				"north": {"uv": [6.5, 10.5, 7, 11.5], "texture": "#0"},
				"east": {"uv": [10.5, 6.5, 11, 7.5], "texture": "#0"},
				"south": {"uv": [10.5, 7.5, 11, 8.5], "texture": "#0"},
				"west": {"uv": [10.5, 8.5, 11, 9.5], "texture": "#0"},
				"up": {"uv": [11, 12.5, 10.5, 12], "texture": "#0"},
				"down": {"uv": [12.5, 10.5, 12, 11], "texture": "#0"}
			}
		}
	],
	"display": {
		"thirdperson_righthand": {
			"rotation": [0, -90, -1],
			"translation": [0, 15, 2.5]
		},
		"thirdperson_lefthand": {
			"rotation": [0, 90, 1],
			"translation": [0, 15, 2.5]
		},
		"firstperson_righthand": {
			"rotation": [17.25, -90, 25],
			"translation": [1.13, 6.2, 1.13],
			"scale": [0.68, 0.68, 0.68]
		},
		"firstperson_lefthand": {
			"rotation": [17.25, 90, -25],
			"translation": [1.13, 6.2, 1.13],
			"scale": [0.68, 0.68, 0.68]
		},
		"ground": {
			"rotation": [0, 0, -90],
			"translation": [5, 2, 0],
			"scale": [0.5, 0.5, 0.5]
		},
		"gui": {
			"rotation": [40.75, 27.5, -49],
			"translation": [3.25, 3.75, 0],
			"scale": [0.55469, 0.55469, 0.55469]
		},
		"fixed": {
			"rotation": [0, 0, -49],
			"translation": [6, 5, 0],
			"scale": [0.75, 0.75, 0.75]
		}
	},
	"groups": [
		{
			"name": "group",
			"origin": [8, 8, 8],
			"color": 0,
			"children": [
				{
					"name": "handle",
					"origin": [8, 8, 8],
					"color": 0,
					"children": [0, 1, 2, 3, 4, 5, 6, 7, 8, 9, 10]
				},
				{
					"name": "thongs",
					"origin": [8, 8, 8],
					"color": 0,
					"children": [11, 12]
				},
				{
					"name": "press",
					"origin": [8, 8, 8],
					"color": 0,
					"children": [13, 14, 15, 16, 17, 18, 19, 20, 21, 22, 23, 24, 25, 26, 27, 28]
				},
				{
					"name": "wheel",
					"origin": [8, 8, 8],
					"color": 0,
					"children": [29, 30, 31, 32, 33, 34, 35, 36]
				}
			]
		}
	]
}