{
	"credit": "Made with Blockbench",
	"texture_size": [32, 32],
	"textures": {
		"0": "items/custom/prismarine_shard/mohawlk",
		"particle": "items/custom/prismarine_shard/mohawlk"
	},
	"elements": [
		{
			"from": [7, -3, 16],
			"to": [9, 12, 17],
			"faces": {
				"north": {"uv": [5.5, 0, 6.5, 7.5], "texture": "#0"},
				"east": {"uv": [8.5, 0, 9, 7.5], "texture": "#0"},
				"south": {"uv": [0, 6, 1, 13.5], "texture": "#0"},
				"west": {"uv": [9, 0, 9.5, 7.5], "texture": "#0"},
				"up": {"uv": [12, 11.5, 11, 11], "texture": "#0"},
				"down": {"uv": [12.5, 0, 11.5, 0.5], "texture": "#0"}
			}
		},
		{
			"from": [7, -1, 14],
			"to": [9, 14, 16],
			"faces": {
				"north": {"uv": [1, 6, 2, 13.5], "texture": "#0"},
				"east": {"uv": [2, 6, 3, 13.5], "texture": "#0"},
				"south": {"uv": [3, 6, 4, 13.5], "texture": "#0"},
				"west": {"uv": [4, 6, 5, 13.5], "texture": "#0"},
				"up": {"uv": [11.5, 5, 10.5, 4], "texture": "#0"},
				"down": {"uv": [10, 10.5, 9, 11.5], "texture": "#0"}
			}
		},
		{
			"from": [7, 0, 12],
			"to": [9, 15, 14],
			"faces": {
				"north": {"uv": [6.5, 0, 7.5, 7.5], "texture": "#0"},
				"east": {"uv": [7.5, 0, 8.5, 7.5], "texture": "#0"},
				"south": {"uv": [5, 7.5, 6, 15], "texture": "#0"},
				"west": {"uv": [6, 7.5, 7, 15], "texture": "#0"},
				"up": {"uv": [12, 6, 11, 5], "texture": "#0"},
				"down": {"uv": [12, 6, 11, 7], "texture": "#0"}
			}
		},
		{
			"from": [7, 10, 1],
			"to": [9, 16, 12],
			"faces": {
				"north": {"uv": [9, 7.5, 10, 10.5], "texture": "#0"},
				"east": {"uv": [0, 0, 5.5, 3], "texture": "#0"},
				"south": {"uv": [9.5, 0, 10.5, 3], "texture": "#0"},
				"west": {"uv": [0, 3, 5.5, 6], "texture": "#0"},
				"up": {"uv": [8, 13, 7, 7.5], "texture": "#0"},
				"down": {"uv": [9, 7.5, 8, 13], "texture": "#0"}
			}
		},
		{
			"from": [7, 15, -4],
			"to": [9, 16, 1],
			"faces": {
				"north": {"uv": [11.5, 0.5, 12.5, 1], "texture": "#0"},
				"east": {"uv": [10.5, 3, 13, 3.5], "texture": "#0"},
				"south": {"uv": [11.5, 1, 12.5, 1.5], "texture": "#0"},
				"west": {"uv": [10.5, 3.5, 13, 4], "texture": "#0"},
				"up": {"uv": [10.5, 5.5, 9.5, 3], "texture": "#0"},
				"down": {"uv": [11, 5.5, 10, 8], "texture": "#0"}
			}
		},
		{
			"from": [7, 14, -3],
			"to": [9, 15, 1],
			"faces": {
				"north": {"uv": [11.5, 1.5, 12.5, 2], "texture": "#0"},
				"east": {"uv": [11, 7, 13, 7.5], "texture": "#0"},
				"south": {"uv": [11.5, 2, 12.5, 2.5], "texture": "#0"},
				"west": {"uv": [11, 7.5, 13, 8], "texture": "#0"},
				"up": {"uv": [11, 10, 10, 8], "texture": "#0"},
				"down": {"uv": [11, 10, 10, 12], "texture": "#0"}
			}
		},
		{
			"from": [7, 13, -2],
			"to": [9, 14, 1],
			"faces": {
				"north": {"uv": [11.5, 2.5, 12.5, 3], "texture": "#0"},
				"east": {"uv": [11, 10, 12.5, 10.5], "texture": "#0"},
				"south": {"uv": [11.5, 4, 12.5, 4.5], "texture": "#0"},
				"west": {"uv": [11, 10.5, 12.5, 11], "texture": "#0"},
				"up": {"uv": [11.5, 1.5, 10.5, 0], "texture": "#0"},
				"down": {"uv": [11.5, 1.5, 10.5, 3], "texture": "#0"}
			}
		},
		{
			"from": [7, 12, -1],
			"to": [9, 13, 1],
			"faces": {
				"north": {"uv": [11.5, 4.5, 12.5, 5], "texture": "#0"},
				"east": {"uv": [9, 11.5, 10, 12], "texture": "#0"},
				"south": {"uv": [11, 11.5, 12, 12], "texture": "#0"},
				"west": {"uv": [12, 5, 13, 5.5], "texture": "#0"},
				"up": {"uv": [12, 9, 11, 8], "texture": "#0"},
				"down": {"uv": [12, 9, 11, 10], "texture": "#0"}
			}
		},
		{
			"from": [7, 11, 0],
			"to": [9, 12, 1],
			"faces": {
				"north": {"uv": [12, 5.5, 13, 6], "texture": "#0"},
				"east": {"uv": [5, 6, 5.5, 6.5], "texture": "#0"},
				"south": {"uv": [12, 6, 13, 6.5], "texture": "#0"},
				"west": {"uv": [5, 6.5, 5.5, 7], "texture": "#0"},
				"up": {"uv": [13, 7, 12, 6.5], "texture": "#0"},
				"down": {"uv": [13, 8, 12, 8.5], "texture": "#0"}
			}
		}
	],
	"display": {
		"thirdperson_righthand": {
			"rotation": [75, 45, 0],
			"translation": [0, 2.5, 0],
			"scale": [0.375, 0.375, 0.375]
		},
		"thirdperson_lefthand": {
			"rotation": [75, 45, 0],
			"translation": [0, 2.5, 0],
			"scale": [0.375, 0.375, 0.375]
		},
		"firstperson_righthand": {
			"rotation": [0, 45, 0],
			"scale": [0.4, 0.4, 0.4]
		},
		"firstperson_lefthand": {
			"rotation": [0, 45, 0],
			"scale": [0.4, 0.4, 0.4]
		},
		"ground": {
			"translation": [0, 3, 0],
			"scale": [0.25, 0.25, 0.25]
		},
		"gui": {
			"rotation": [30, 225, 0],
			"scale": [0.625, 0.625, 0.625]
		},
		"head": {
			"translation": [0, 4.25, 2.25]
		},
		"fixed": {
			"rotation": [0, -90, 0],
			"scale": [0.75, 0.75, 0.75]
		}
	},
	"groups": [
		{
			"name": "group",
			"origin": [8, 8, 8],
			"color": 0,
			"children": [0, 1, 2, 3, 4, 5, 6, 7, 8]
		}
	]
}