{
	"credit": "Made with Blockbench",
	"texture_size": [32, 32],
	"textures": {
		"0": "items/custom/prismarine_shard/cathat/cat_hat_rig_static",
		"1": "items/custom/prismarine_shard/cathat/cat_hat_rig_animated_1",
		"2": "items/custom/prismarine_shard/cathat/cat_hat_rig_animated_2",
		"3": "items/custom/prismarine_shard/cathat/cat_hat_rig_animated_3",
		"4": "items/custom/prismarine_shard/cathat/cat_hat_rig_animated_4",
		"particle": "items/custom/prismarine_shard/cathat/cat_hat_rig_static"
	},
	"elements": [
		{
			"from": [10, 0, 1.1],
			"to": [11, 9, 2.1],
			"rotation": {"angle": 22.5, "axis": "z", "origin": [10.5, 1, 1.6]},
			"faces": {
				"north": {"uv": [0, 0, 0.5, 4.5], "texture": "#0"},
				"east": {"uv": [0.5, 0.5, 1, 5], "texture": "#0"},
				"south": {"uv": [1, 1, 1.5, 5.5], "texture": "#0"},
				"west": {"uv": [1.5, 1.5, 2, 6], "texture": "#0"},
				"up": {"uv": [1, 0.5, 0.5, 0], "texture": "#0"},
				"down": {"uv": [1.5, 0, 1, 0.5], "texture": "#0"}
			}
		},
		{
			"from": [10, 0, 5.9],
			"to": [11, 9, 6.9],
			"rotation": {"angle": 22.5, "axis": "z", "origin": [10.5, 1, 6.4]},
			"faces": {
				"north": {"uv": [2, 2, 2.5, 6.5], "texture": "#0"},
				"east": {"uv": [2.5, 2.5, 3, 7], "texture": "#0"},
				"south": {"uv": [3, 3, 3.5, 7.5], "texture": "#0"},
				"west": {"uv": [3.5, 3.5, 4, 8], "texture": "#0"},
				"up": {"uv": [1.5, 1, 1, 0.5], "texture": "#0"},
				"down": {"uv": [2.5, 1.5, 2, 2], "texture": "#0"}
			}
		},
		{
			"from": [4, 0, 6],
			"to": [5, 9, 7],
			"rotation": {"angle": -22.5, "axis": "z", "origin": [4.5, 1, 6.5]},
			"faces": {
				"north": {"uv": [4, 4, 4.5, 8.5], "texture": "#0"},
				"east": {"uv": [0, 4.5, 0.5, 9], "texture": "#0"},
				"south": {"uv": [4.5, 4.5, 5, 9], "texture": "#0"},
				"west": {"uv": [4.5, 0, 5, 4.5], "texture": "#0"},
				"up": {"uv": [3, 2, 2.5, 1.5], "texture": "#0"},
				"down": {"uv": [3, 2, 2.5, 2.5], "texture": "#0"}
			}
		},
		{
			"from": [4, 0, 1],
			"to": [5, 9, 2],
			"rotation": {"angle": -22.5, "axis": "z", "origin": [4.5, 1, 1.5]},
			"faces": {
				"north": {"uv": [0.5, 5, 1, 9.5], "texture": "#0"},
				"east": {"uv": [5, 5, 5.5, 9.5], "texture": "#0"},
				"south": {"uv": [5, 0, 5.5, 4.5], "texture": "#0"},
				"west": {"uv": [1, 5.5, 1.5, 10], "texture": "#0"},
				"up": {"uv": [4, 3.5, 3.5, 3], "texture": "#0"},
				"down": {"uv": [4.5, 1.5, 4, 2], "texture": "#0"}
			}
		},
		{
			"from": [0, 0, 3],
			"to": [3, 1, 5],
			"rotation": {"angle": 0, "axis": "y", "origin": [1.5, 1.5, 4]},
			"faces": {
				"north": {"uv": [1.5, 0, 3, 1.5], "texture": "#0"},
				"east": {"uv": [3, 1.5, 4, 3], "texture": "#0"},
				"south": {"uv": [3, 0, 4.5, 1.5], "texture": "#0"},
				"west": {"uv": [5.5, 5.5, 6.5, 7], "texture": "#0"},
				"up": {"uv": [7, 1, 5.5, 0], "texture": "#0"},
				"down": {"uv": [7, 1, 5.5, 2], "texture": "#0"}
			}
		},
		{
			"from": [0, 1, 3],
			"to": [3, 4, 5],
			"rotation": {"angle": 0, "axis": "y", "origin": [1.5, 2.5, 4]},
			"faces": {
				"north": {"uv": [1.5, 0, 3, 1.5], "texture": "#0"},
				"east": {"uv": [3, 1.5, 4, 3], "texture": "#0"},
				"south": {"uv": [3, 0, 4.5, 1.5], "texture": "#0"},
				"west": {"uv": [5.5, 5.5, 6.5, 7], "texture": "#0"},
				"up": {"uv": [7, 1, 5.5, 0], "texture": "#0"},
				"down": {"uv": [7, 1, 5.5, 2], "texture": "#0"}
			}
		},
		{
			"from": [12.25, 0, 3.25],
			"to": [13.75, 2.5, 4.75],
			"rotation": {"angle": 0, "axis": "y", "origin": [20, 7.75, 11]},
			"faces": {
				"north": {"uv": [5.5, 2, 6.5, 3.5], "texture": "#0"},
				"east": {"uv": [5.5, 3.5, 6.5, 5], "texture": "#0"},
				"south": {"uv": [1.5, 6.5, 2.5, 8], "texture": "#0"},
				"west": {"uv": [6.5, 6.5, 7.5, 8], "texture": "#0"},
				"up": {"uv": [7.5, 3, 6.5, 2], "texture": "#0"},
				"down": {"uv": [7.5, 3, 6.5, 4], "texture": "#0"}
			}
		},
		{
			"from": [12, 1.75, 3],
			"to": [14, 2.75, 5],
			"rotation": {"angle": 0, "axis": "y", "origin": [20, 7.75, 11]},
			"faces": {
				"north": {"uv": [7, 0, 8, 0.5], "texture": "#0"},
				"east": {"uv": [7, 1.5, 8, 2], "texture": "#0"},
				"south": {"uv": [7, 0.5, 8, 1], "texture": "#0"},
				"west": {"uv": [7, 1, 8, 1.5], "texture": "#0"},
				"up": {"uv": [9, 1, 8, 0], "texture": "#0"},
				"down": {"uv": [9, 1, 8, 2], "texture": "#0"}
			}
		},
		{
			"from": [6.3, 6.8, 0.9],
			"to": [8.7, 9.2, 2.3],
			"rotation": {"angle": 0, "axis": "y", "origin": [15.5, 15, 9.1]},
			"faces": {
				"north": {"uv": [0, 10, 1, 11], "texture": "#0"},
				"east": {"uv": [0.5, 11, 1, 12], "texture": "#0"},
				"south": {"uv": [1, 10, 2, 11], "texture": "#0"},
				"west": {"uv": [0, 11, 0.5, 12], "texture": "#0"},
				"up": {"uv": [1, 11, 2, 11.5], "texture": "#0"},
				"down": {"uv": [1, 11.5, 2, 12], "texture": "#0"}
			}
		},
		{
			"from": [6.3, 6.8, 5.65],
			"to": [8.7, 9.2, 7.05],
			"rotation": {"angle": 0, "axis": "y", "origin": [15.5, 15, 13.85]},
			"faces": {
				"north": {"uv": [0, 10, 1, 11], "texture": "#0"},
				"east": {"uv": [0.5, 11, 1, 12], "texture": "#0"},
				"south": {"uv": [1, 10, 2, 11], "texture": "#0"},
				"west": {"uv": [0, 11, 0.5, 12], "texture": "#0"},
				"up": {"uv": [1, 11, 2, 11.5], "texture": "#0"},
				"down": {"uv": [1, 11.5, 2, 12], "texture": "#0"}
			}
		},
		{
			"from": [7, 7.5, 1.85],
			"to": [8, 8.5, 5.85],
			"rotation": {"angle": 0, "axis": "y", "origin": [15.5, 15, 12.85]},
			"faces": {
				"north": {"uv": [3, 11.5, 3.5, 12], "texture": "#0"},
				"east": {"uv": [3, 10, 5, 10.5], "texture": "#0"},
				"south": {"uv": [3, 11, 3.5, 11.5], "texture": "#0"},
				"west": {"uv": [3, 10.5, 5, 11], "texture": "#0"},
				"up": {"uv": [2, 10, 2.5, 12], "texture": "#0"},
				"down": {"uv": [2.5, 10, 3, 12], "texture": "#0"}
			}
		},
		{
			"from": [3.9, 7.4, 3],
			"to": [13.9, 8.4, 5],
			"rotation": {"angle": 22.5, "axis": "z", "origin": [7.4, 7.9, 4]},
			"faces": {
				"north": {"uv": [3, 3, 8, 3.5], "texture": "#1"},
				"east": {"uv": [6.5, 0.5, 7.5, 1], "texture": "#1"},
				"south": {"uv": [3, 2, 8, 2.5], "texture": "#1"},
				"west": {"uv": [6.5, 1, 7.5, 1.5], "texture": "#1"},
				"up": {"uv": [5, 1, 0, 0], "texture": "#1"},
				"down": {"uv": [5, 1, 0, 2], "texture": "#1"}
			}
		},
		{
			"from": [1, 7.5, 3.1],
			"to": [6.8, 8.3, 4.9],
			"rotation": {"angle": 22.5, "axis": "z", "origin": [7.4, 7.9, 4]},
			"faces": {
				"north": {"uv": [3, 2.5, 6, 3], "texture": "#1"},
				"east": {"uv": [6.5, 1.5, 7.5, 2], "texture": "#1"},
				"south": {"uv": [4, 4, 7, 4.5], "texture": "#1"},
				"west": {"uv": [6.5, 6, 7.5, 6.5], "texture": "#1"},
				"up": {"uv": [3, 3, 0, 2], "texture": "#1"},
				"down": {"uv": [3, 3, 0, 4], "texture": "#1"}
			}
		},
		{
			"from": [1.2, 0.2, 5.95],
			"to": [1.8, 5.3, 6.55],
			"rotation": {"angle": 0, "axis": "y", "origin": [9, 8, 13.75]},
			"faces": {
				"north": {"uv": [1, 4, 1.5, 7], "texture": "#1"},
				"east": {"uv": [1.5, 4, 2, 7], "texture": "#1"},
				"south": {"uv": [2, 4, 2.5, 7], "texture": "#1"},
				"west": {"uv": [2.5, 4, 3, 7], "texture": "#1"},
				"up": {"uv": [7.5, 7, 7, 6.5], "texture": "#1"},
				"down": {"uv": [8, 0.5, 7.5, 1], "texture": "#1"}
			}
		},
		{
			"from": [1.1, 4.85, 1.1],
			"to": [2.15, 5.9, 6.9],
			"rotation": {"angle": 0, "axis": "y", "origin": [9, 7.5, 13]},
			"faces": {
				"north": {"uv": [7.5, 1, 8, 1.5], "texture": "#1"},
				"east": {"uv": [4, 3.5, 7, 4], "texture": "#1"},
				"south": {"uv": [7.5, 1.5, 8, 2], "texture": "#1"},
				"west": {"uv": [4, 4.5, 7, 5], "texture": "#1"},
				"up": {"uv": [4.5, 8, 4, 5], "texture": "#1"},
				"down": {"uv": [5, 5, 4.5, 8], "texture": "#1"}
			}
		},
		{
			"from": [1.2, 0.2, 1.45],
			"to": [1.8, 5.3, 2.05],
			"rotation": {"angle": 0, "axis": "y", "origin": [9, 8, 9.25]},
			"faces": {
				"north": {"uv": [5, 5, 5.5, 8], "texture": "#1"},
				"east": {"uv": [5.5, 5.5, 6, 8.5], "texture": "#1"},
				"south": {"uv": [6, 6, 6.5, 9], "texture": "#1"},
				"west": {"uv": [6.5, 6.5, 7, 9.5], "texture": "#1"},
				"up": {"uv": [8, 3, 7.5, 2.5], "texture": "#1"},
				"down": {"uv": [8, 3.5, 7.5, 4], "texture": "#1"}
			}
		},
		{
			"from": [1.15, 0.15, 1.4],
			"to": [1.85, 0.85, 2.1],
			"rotation": {"angle": 0, "axis": "y", "origin": [9, 8, 9.25]},
			"faces": {
				"north": {"uv": [7.5, 4, 8, 4.5], "texture": "#1"},
				"east": {"uv": [7.5, 4.5, 8, 5], "texture": "#1"},
				"south": {"uv": [7.5, 5, 8, 5.5], "texture": "#1"},
				"west": {"uv": [7.5, 5.5, 8, 6], "texture": "#1"},
				"up": {"uv": [8, 6.5, 7.5, 6], "texture": "#1"},
				"down": {"uv": [8, 6.5, 7.5, 7], "texture": "#1"}
			}
		},
		{
			"from": [1.15, 0.15, 5.9],
			"to": [1.85, 0.85, 6.6],
			"rotation": {"angle": 0, "axis": "y", "origin": [9, 8, 13.75]},
			"faces": {
				"north": {"uv": [7.5, 7, 8, 7.5], "texture": "#1"},
				"east": {"uv": [1, 8, 1.5, 8.5], "texture": "#1"},
				"south": {"uv": [1.5, 8, 2, 8.5], "texture": "#1"},
				"west": {"uv": [2, 8, 2.5, 8.5], "texture": "#1"},
				"up": {"uv": [3, 8.5, 2.5, 8], "texture": "#1"},
				"down": {"uv": [4.5, 8, 4, 8.5], "texture": "#1"}
			}
		},
		{
			"from": [12.5, 0, 3.5],
			"to": [13.5, 10, 4.5],
			"rotation": {"angle": 0, "axis": "y", "origin": [20.5, 8, 11.5]},
			"faces": {
				"north": {"uv": [3, 3.5, 3.5, 8.5], "texture": "#1"},
				"east": {"uv": [3.5, 3.5, 4, 8.5], "texture": "#1"},
				"south": {"uv": [0, 4, 0.5, 9], "texture": "#1"},
				"west": {"uv": [0.5, 4, 1, 9], "texture": "#1"},
				"up": {"uv": [5, 8.5, 4.5, 8], "texture": "#1"},
				"down": {"uv": [5.5, 8, 5, 8.5], "texture": "#1"}
			}
		},
		{
			"from": [1, 1, 2],
			"to": [2, 3, 3],
			"rotation": {"angle": 0, "axis": "y", "origin": [9, 9, 10]},
			"faces": {
				"north": {"uv": [1, 7, 1.5, 8], "texture": "#1"},
				"east": {"uv": [1.5, 7, 2, 8], "texture": "#1"},
				"south": {"uv": [2, 7, 2.5, 8], "texture": "#1"},
				"west": {"uv": [2.5, 7, 3, 8], "texture": "#1"},
				"up": {"uv": [7.5, 8.5, 7, 8], "texture": "#1"},
				"down": {"uv": [8.5, 8, 8, 8.5], "texture": "#1"}
			}
		},
		{
			"from": [1, 1, 5],
			"to": [2, 3, 6],
			"rotation": {"angle": 0, "axis": "y", "origin": [9, 9, 13]},
			"faces": {
				"north": {"uv": [7, 7, 7.5, 8], "texture": "#1"},
				"east": {"uv": [7, 3.5, 7.5, 4.5], "texture": "#1"},
				"south": {"uv": [7, 4.5, 7.5, 5.5], "texture": "#1"},
				"west": {"uv": [7.5, 7.5, 8, 8.5], "texture": "#1"},
				"up": {"uv": [8.5, 0.5, 8, 0], "texture": "#1"},
				"down": {"uv": [8.5, 0.5, 8, 1], "texture": "#1"}
			}
		},
		{
			"from": [0, 0, 2],
			"to": [3, 1, 3],
			"rotation": {"angle": 0, "axis": "y", "origin": [9, 8, 10]},
			"faces": {
				"north": {"uv": [5, 0, 6.5, 0.5], "texture": "#1"},
				"east": {"uv": [8, 1, 8.5, 1.5], "texture": "#1"},
				"south": {"uv": [5, 0.5, 6.5, 1], "texture": "#1"},
				"west": {"uv": [8, 1.5, 8.5, 2], "texture": "#1"},
				"up": {"uv": [6.5, 1.5, 5, 1], "texture": "#1"},
				"down": {"uv": [6.5, 1.5, 5, 2], "texture": "#1"}
			}
		},
		{
			"from": [0, 0, 5],
			"to": [3, 1, 6],
			"rotation": {"angle": 0, "axis": "y", "origin": [9, 8, 13]},
			"faces": {
				"north": {"uv": [5.5, 5, 7, 5.5], "texture": "#1"},
				"east": {"uv": [8, 2, 8.5, 2.5], "texture": "#1"},
				"south": {"uv": [6, 2.5, 7.5, 3], "texture": "#1"},
				"west": {"uv": [8, 2.5, 8.5, 3], "texture": "#1"},
				"up": {"uv": [7.5, 6, 6, 5.5], "texture": "#1"},
				"down": {"uv": [8, 0, 6.5, 0.5], "texture": "#1"}
			}
		},
		{
			"from": [3.9, 7.4, 3],
			"to": [13.9, 8.4, 5],
			"rotation": {"angle": 0, "axis": "z", "origin": [7.4, 7.9, 4]},
			"faces": {
				"north": {"uv": [3, 3, 8, 3.5], "texture": "#2"},
				"east": {"uv": [5, 4.5, 6, 5], "texture": "#2"},
				"south": {"uv": [3, 2, 8, 2.5], "texture": "#2"},
				"west": {"uv": [6, 2.5, 7, 3], "texture": "#2"},
				"up": {"uv": [5, 1, 0, 0], "texture": "#2"},
				"down": {"uv": [5, 1, 0, 2], "texture": "#2"}
			}
		},
		{
			"from": [3, 7.5, 3.1],
			"to": [8.8, 8.3, 4.9],
			"rotation": {"angle": 0, "axis": "z", "origin": [9.4, 7.9, 4]},
			"faces": {
				"north": {"uv": [3, 2.5, 6, 3], "texture": "#2"},
				"east": {"uv": [6.5, 6, 7.5, 6.5], "texture": "#2"},
				"south": {"uv": [4, 3.5, 7, 4], "texture": "#2"},
				"west": {"uv": [7, 2.5, 8, 3], "texture": "#2"},
				"up": {"uv": [3, 3, 0, 2], "texture": "#2"},
				"down": {"uv": [3, 3, 0, 4], "texture": "#2"}
			}
		},
		{
			"from": [3.2, 2.2, 1.45],
			"to": [3.8, 8.3, 2.05],
			"rotation": {"angle": 0, "axis": "y", "origin": [11, 10, 9.25]},
			"faces": {
				"north": {"uv": [1, 4, 1.5, 7.5], "texture": "#2"},
				"east": {"uv": [1.5, 4, 2, 7.5], "texture": "#2"},
				"south": {"uv": [2, 4, 2.5, 7.5], "texture": "#2"},
				"west": {"uv": [2.5, 4, 3, 7.5], "texture": "#2"},
				"up": {"uv": [6, 5.5, 5.5, 5], "texture": "#2"},
				"down": {"uv": [4.5, 7.5, 4, 8], "texture": "#2"}
			}
		},
		{
			"from": [3.2, 2.2, 5.95],
			"to": [3.8, 8.3, 6.55],
			"rotation": {"angle": 0, "axis": "y", "origin": [11, 10, 13.75]},
			"faces": {
				"north": {"uv": [4, 4, 4.5, 7.5], "texture": "#2"},
				"east": {"uv": [4.5, 4.5, 5, 8], "texture": "#2"},
				"south": {"uv": [5, 5, 5.5, 8.5], "texture": "#2"},
				"west": {"uv": [5.5, 5.5, 6, 9], "texture": "#2"},
				"up": {"uv": [8, 8, 7.5, 7.5], "texture": "#2"},
				"down": {"uv": [8, 0.5, 7.5, 1], "texture": "#2"}
			}
		},
		{
			"from": [3.15, 2.15, 5.9],
			"to": [3.85, 2.85, 6.6],
			"rotation": {"angle": 0, "axis": "y", "origin": [11, 10, 13.75]},
			"faces": {
				"north": {"uv": [7.5, 1, 8, 1.5], "texture": "#2"},
				"east": {"uv": [7.5, 1.5, 8, 2], "texture": "#2"},
				"south": {"uv": [7.5, 4, 8, 4.5], "texture": "#2"},
				"west": {"uv": [7.5, 6, 8, 6.5], "texture": "#2"},
				"up": {"uv": [8, 7.5, 7.5, 7], "texture": "#2"},
				"down": {"uv": [0.5, 8, 0, 8.5], "texture": "#2"}
			}
		},
		{
			"from": [3.15, 2.15, 1.4],
			"to": [3.85, 2.85, 2.1],
			"rotation": {"angle": 0, "axis": "y", "origin": [11, 10, 9.25]},
			"faces": {
				"north": {"uv": [0.5, 8, 1, 8.5], "texture": "#2"},
				"east": {"uv": [1, 8, 1.5, 8.5], "texture": "#2"},
				"south": {"uv": [1.5, 8, 2, 8.5], "texture": "#2"},
				"west": {"uv": [2, 8, 2.5, 8.5], "texture": "#2"},
				"up": {"uv": [3, 8.5, 2.5, 8], "texture": "#2"},
				"down": {"uv": [3.5, 8, 3, 8.5], "texture": "#2"}
			}
		},
		{
			"from": [2.85, 7.35, 1.1],
			"to": [3.9, 8.4, 6.9],
			"rotation": {"angle": 0, "axis": "y", "origin": [10.75, 10, 13]},
			"faces": {
				"north": {"uv": [3.5, 8, 4, 8.5], "texture": "#2"},
				"east": {"uv": [4.5, 4, 7.5, 4.5], "texture": "#2"},
				"south": {"uv": [4, 8, 4.5, 8.5], "texture": "#2"},
				"west": {"uv": [5, 0, 8, 0.5], "texture": "#2"},
				"up": {"uv": [6.5, 9, 6, 6], "texture": "#2"},
				"down": {"uv": [7, 6.5, 6.5, 9.5], "texture": "#2"}
			}
		},
		{
			"from": [12.5, 0, 3.5],
			"to": [13.5, 8, 4.5],
			"rotation": {"angle": 0, "axis": "y", "origin": [20.5, 6, 11.5]},
			"faces": {
				"north": {"uv": [3, 3.5, 3.5, 7.5], "texture": "#2"},
				"east": {"uv": [3.5, 3.5, 4, 7.5], "texture": "#2"},
				"south": {"uv": [0, 4, 0.5, 8], "texture": "#2"},
				"west": {"uv": [0.5, 4, 1, 8], "texture": "#2"},
				"up": {"uv": [5, 8.5, 4.5, 8], "texture": "#2"},
				"down": {"uv": [8, 8, 7.5, 8.5], "texture": "#2"}
			}
		},
		{
			"from": [1, 2, 2],
			"to": [3, 3, 3],
			"rotation": {"angle": 0, "axis": "y", "origin": [1.75, 2.5, 2.5]},
			"faces": {
				"north": {"uv": [7, 3.5, 8, 4], "texture": "#2"},
				"east": {"uv": [8, 8, 8.5, 8.5], "texture": "#2"},
				"south": {"uv": [7, 4.5, 8, 5], "texture": "#2"},
				"west": {"uv": [8, 0, 8.5, 0.5], "texture": "#2"},
				"up": {"uv": [8, 5.5, 7, 5], "texture": "#2"},
				"down": {"uv": [8, 5.5, 7, 6], "texture": "#2"}
			}
		},
		{
			"from": [3, 1, 2],
			"to": [4, 4, 3],
			"rotation": {"angle": 0, "axis": "y", "origin": [1.75, 2.5, 2.5]},
			"faces": {
				"north": {"uv": [5, 0.5, 5.5, 2], "texture": "#2"},
				"east": {"uv": [5.5, 0.5, 6, 2], "texture": "#2"},
				"south": {"uv": [6, 0.5, 6.5, 2], "texture": "#2"},
				"west": {"uv": [6, 4.5, 6.5, 6], "texture": "#2"},
				"up": {"uv": [8.5, 1, 8, 0.5], "texture": "#2"},
				"down": {"uv": [8.5, 1, 8, 1.5], "texture": "#2"}
			}
		},
		{
			"from": [3, 1, 5],
			"to": [4, 4, 6],
			"rotation": {"angle": 0, "axis": "y", "origin": [1.75, 1.25, 5.5]},
			"faces": {
				"north": {"uv": [6.5, 0.5, 7, 2], "texture": "#2"},
				"east": {"uv": [6.5, 4.5, 7, 6], "texture": "#2"},
				"south": {"uv": [7, 7, 7.5, 8.5], "texture": "#2"},
				"west": {"uv": [7, 0.5, 7.5, 2], "texture": "#2"},
				"up": {"uv": [8.5, 2, 8, 1.5], "texture": "#2"},
				"down": {"uv": [8.5, 2, 8, 2.5], "texture": "#2"}
			}
		},
		{
			"from": [1, 2, 5],
			"to": [3, 3, 6],
			"rotation": {"angle": 0, "axis": "y", "origin": [1.75, 2.25, 5.5]},
			"faces": {
				"north": {"uv": [7, 6.5, 8, 7], "texture": "#2"},
				"east": {"uv": [8, 2.5, 8.5, 3], "texture": "#2"},
				"south": {"uv": [1, 7.5, 2, 8], "texture": "#2"},
				"west": {"uv": [8, 3, 8.5, 3.5], "texture": "#2"},
				"up": {"uv": [3, 8, 2, 7.5], "texture": "#2"},
				"down": {"uv": [4, 7.5, 3, 8], "texture": "#2"}
			}
		},
		{
			"from": [3.9, 7.4, 3],
			"to": [13.9, 8.4, 5],
			"rotation": {"angle": -22.5, "axis": "z", "origin": [7.4, 7.9, 4]},
			"faces": {
				"north": {"uv": [3, 3, 8, 3.5], "texture": "#3"},
				"east": {"uv": [6.5, 0.5, 7.5, 1], "texture": "#3"},
				"south": {"uv": [3, 2, 8, 2.5], "texture": "#3"},
				"west": {"uv": [6.5, 1, 7.5, 1.5], "texture": "#3"},
				"up": {"uv": [5, 1, 0, 0], "texture": "#3"},
				"down": {"uv": [5, 1, 0, 2], "texture": "#3"}
			}
		},
		{
			"from": [1, 7.5, 3.1],
			"to": [6.8, 8.3, 4.9],
			"rotation": {"angle": -22.5, "axis": "z", "origin": [7.4, 7.9, 4]},
			"faces": {
				"north": {"uv": [3, 2.5, 6, 3], "texture": "#3"},
				"east": {"uv": [6.5, 1.5, 7.5, 2], "texture": "#3"},
				"south": {"uv": [4, 4, 7, 4.5], "texture": "#3"},
				"west": {"uv": [6.5, 6, 7.5, 6.5], "texture": "#3"},
				"up": {"uv": [3, 3, 0, 2], "texture": "#3"},
				"down": {"uv": [3, 3, 0, 4], "texture": "#3"}
			}
		},
		{
			"from": [1.2, 4.2, 1.45],
			"to": [1.8, 10.3, 2.05],
			"rotation": {"angle": 0, "axis": "y", "origin": [9, 12, 9.25]},
			"faces": {
				"north": {"uv": [3, 3.5, 3.5, 7], "texture": "#3"},
				"east": {"uv": [3.5, 3.5, 4, 7], "texture": "#3"},
				"south": {"uv": [0, 4, 0.5, 7.5], "texture": "#3"},
				"west": {"uv": [0.5, 4, 1, 7.5], "texture": "#3"},
				"up": {"uv": [7.5, 7, 7, 6.5], "texture": "#3"},
				"down": {"uv": [2, 7.5, 1.5, 8], "texture": "#3"}
			}
		},
		{
			"from": [1.2, 4.2, 5.95],
			"to": [1.8, 10.3, 6.55],
			"rotation": {"angle": 0, "axis": "y", "origin": [9, 12, 13.75]},
			"faces": {
				"north": {"uv": [1, 4, 1.5, 7.5], "texture": "#3"},
				"east": {"uv": [1.5, 4, 2, 7.5], "texture": "#3"},
				"south": {"uv": [2, 4, 2.5, 7.5], "texture": "#3"},
				"west": {"uv": [2.5, 4, 3, 7.5], "texture": "#3"},
				"up": {"uv": [2.5, 8, 2, 7.5], "texture": "#3"},
				"down": {"uv": [3, 7.5, 2.5, 8], "texture": "#3"}
			}
		},
		{
			"from": [1.1, 9.85, 1.1],
			"to": [2.15, 10.9, 6.9],
			"rotation": {"angle": 0, "axis": "y", "origin": [9, 12.5, 13]},
			"faces": {
				"north": {"uv": [7.5, 7.5, 8, 8], "texture": "#3"},
				"east": {"uv": [4, 3.5, 7, 4], "texture": "#3"},
				"south": {"uv": [7.5, 0.5, 8, 1], "texture": "#3"},
				"west": {"uv": [4, 4.5, 7, 5], "texture": "#3"},
				"up": {"uv": [4.5, 8, 4, 5], "texture": "#3"},
				"down": {"uv": [5, 5, 4.5, 8], "texture": "#3"}
			}
		},
		{
			"from": [1.15, 4.15, 1.4],
			"to": [1.85, 4.85, 2.1],
			"rotation": {"angle": 0, "axis": "y", "origin": [9, 12, 9.25]},
			"faces": {
				"north": {"uv": [7.5, 1, 8, 1.5], "texture": "#3"},
				"east": {"uv": [7.5, 1.5, 8, 2], "texture": "#3"},
				"south": {"uv": [7.5, 2.5, 8, 3], "texture": "#3"},
				"west": {"uv": [7.5, 3.5, 8, 4], "texture": "#3"},
				"up": {"uv": [8, 4.5, 7.5, 4], "texture": "#3"},
				"down": {"uv": [8, 4.5, 7.5, 5], "texture": "#3"}
			}
		},
		{
			"from": [1.15, 4.15, 5.9],
			"to": [1.85, 4.85, 6.6],
			"rotation": {"angle": 0, "axis": "y", "origin": [9, 12, 13.75]},
			"faces": {
				"north": {"uv": [7.5, 5, 8, 5.5], "texture": "#3"},
				"east": {"uv": [7.5, 5.5, 8, 6], "texture": "#3"},
				"south": {"uv": [7.5, 6, 8, 6.5], "texture": "#3"},
				"west": {"uv": [7.5, 6.5, 8, 7], "texture": "#3"},
				"up": {"uv": [8, 7.5, 7.5, 7], "texture": "#3"},
				"down": {"uv": [2, 8, 1.5, 8.5], "texture": "#3"}
			}
		},
		{
			"from": [12.5, 0, 3.5],
			"to": [13.5, 5.75, 4.5],
			"rotation": {"angle": 0, "axis": "y", "origin": [20.5, 8, 11.5]},
			"faces": {
				"north": {"uv": [5, 5, 5.5, 8], "texture": "#3"},
				"east": {"uv": [5.5, 5.5, 6, 8.5], "texture": "#3"},
				"south": {"uv": [6, 6, 6.5, 9], "texture": "#3"},
				"west": {"uv": [6.5, 6.5, 7, 9.5], "texture": "#3"},
				"up": {"uv": [2.5, 8.5, 2, 8], "texture": "#3"},
				"down": {"uv": [3, 8, 2.5, 8.5], "texture": "#3"}
			}
		},
		{
			"from": [0, 4, 2],
			"to": [3, 5, 3],
			"rotation": {"angle": 0, "axis": "y", "origin": [1.5, 4.25, 2.5]},
			"faces": {
				"north": {"uv": [5, 0, 6.5, 0.5], "texture": "#3"},
				"east": {"uv": [3, 8, 3.5, 8.5], "texture": "#3"},
				"south": {"uv": [5, 0.5, 6.5, 1], "texture": "#3"},
				"west": {"uv": [3.5, 8, 4, 8.5], "texture": "#3"},
				"up": {"uv": [6.5, 1.5, 5, 1], "texture": "#3"},
				"down": {"uv": [6.5, 1.5, 5, 2], "texture": "#3"}
			}
		},
		{
			"from": [0, 4, 5],
			"to": [3, 5, 6],
			"rotation": {"angle": 0, "axis": "y", "origin": [1.5, 4.25, 5.5]},
			"faces": {
				"north": {"uv": [5.5, 5, 7, 5.5], "texture": "#3"},
				"east": {"uv": [4, 8, 4.5, 8.5], "texture": "#3"},
				"south": {"uv": [6, 2.5, 7.5, 3], "texture": "#3"},
				"west": {"uv": [4.5, 8, 5, 8.5], "texture": "#3"},
				"up": {"uv": [7.5, 6, 6, 5.5], "texture": "#3"},
				"down": {"uv": [8, 0, 6.5, 0.5], "texture": "#3"}
			}
		},
		{
			"from": [1, 2, 2],
			"to": [2, 4, 3],
			"rotation": {"angle": 0, "axis": "y", "origin": [1.5, 2.25, 2.5]},
			"faces": {
				"north": {"uv": [3, 7, 3.5, 8], "texture": "#3"},
				"east": {"uv": [3.5, 7, 4, 8], "texture": "#3"},
				"south": {"uv": [7, 7, 7.5, 8], "texture": "#3"},
				"west": {"uv": [7, 3.5, 7.5, 4.5], "texture": "#3"},
				"up": {"uv": [5.5, 8.5, 5, 8], "texture": "#3"},
				"down": {"uv": [7.5, 8, 7, 8.5], "texture": "#3"}
			}
		},
		{
			"from": [1, 2, 5],
			"to": [2, 4, 6],
			"rotation": {"angle": 0, "axis": "y", "origin": [1.5, 2.25, 5.5]},
			"faces": {
				"north": {"uv": [7, 4.5, 7.5, 5.5], "texture": "#3"},
				"east": {"uv": [0, 7.5, 0.5, 8.5], "texture": "#3"},
				"south": {"uv": [0.5, 7.5, 1, 8.5], "texture": "#3"},
				"west": {"uv": [1, 7.5, 1.5, 8.5], "texture": "#3"},
				"up": {"uv": [8, 8.5, 7.5, 8], "texture": "#3"},
				"down": {"uv": [8.5, 8, 8, 8.5], "texture": "#3"}
			}
		},
		{
			"from": [3.9, 7.4, 3],
			"to": [13.9, 8.4, 5],
			"rotation": {"angle": 0, "axis": "z", "origin": [7.4, 7.9, 4]},
			"faces": {
				"north": {"uv": [3, 3, 8, 3.5], "texture": "#4"},
				"east": {"uv": [5, 4.5, 6, 5], "texture": "#4"},
				"south": {"uv": [3, 2, 8, 2.5], "texture": "#4"},
				"west": {"uv": [6, 2.5, 7, 3], "texture": "#4"},
				"up": {"uv": [5, 1, 0, 0], "texture": "#4"},
				"down": {"uv": [5, 1, 0, 2], "texture": "#4"}
			}
		},
		{
			"from": [-1, 7.5, 3.1],
			"to": [4.8, 8.3, 4.9],
			"rotation": {"angle": 0, "axis": "z", "origin": [5.4, 7.9, 4]},
			"faces": {
				"north": {"uv": [3, 2.5, 6, 3], "texture": "#4"},
				"east": {"uv": [6.5, 6, 7.5, 6.5], "texture": "#4"},
				"south": {"uv": [4, 4, 7, 4.5], "texture": "#4"},
				"west": {"uv": [2, 7, 3, 7.5], "texture": "#4"},
				"up": {"uv": [3, 3, 0, 2], "texture": "#4"},
				"down": {"uv": [3, 3, 0, 4], "texture": "#4"}
			}
		},
		{
			"from": [-0.8, 2.2, 1.45],
			"to": [-0.2, 8.05, 2.05],
			"rotation": {"angle": 0, "axis": "y", "origin": [7, 10, 9.25]},
			"faces": {
				"north": {"uv": [1, 4, 1.5, 7], "texture": "#4"},
				"east": {"uv": [1.5, 4, 2, 7], "texture": "#4"},
				"south": {"uv": [2, 4, 2.5, 7], "texture": "#4"},
				"west": {"uv": [2.5, 4, 3, 7], "texture": "#4"},
				"up": {"uv": [7.5, 6, 7, 5.5], "texture": "#4"},
				"down": {"uv": [7.5, 6.5, 7, 7], "texture": "#4"}
			}
		},
		{
			"from": [-0.8, 2.2, 5.95],
			"to": [-0.2, 8.05, 6.55],
			"rotation": {"angle": 0, "axis": "y", "origin": [7, 10, 13.75]},
			"faces": {
				"north": {"uv": [4, 4.5, 4.5, 7.5], "texture": "#4"},
				"east": {"uv": [4.5, 4.5, 5, 7.5], "texture": "#4"},
				"south": {"uv": [5, 5, 5.5, 8], "texture": "#4"},
				"west": {"uv": [5.5, 5.5, 6, 8.5], "texture": "#4"},
				"up": {"uv": [2.5, 8, 2, 7.5], "texture": "#4"},
				"down": {"uv": [3, 7.5, 2.5, 8], "texture": "#4"}
			}
		},
		{
			"from": [-1.15, 7.35, 1.1],
			"to": [-0.1, 8.4, 6.9],
			"rotation": {"angle": 0, "axis": "y", "origin": [6.75, 10, 13]},
			"faces": {
				"north": {"uv": [3, 7.5, 3.5, 8], "texture": "#4"},
				"east": {"uv": [4, 3.5, 7, 4], "texture": "#4"},
				"south": {"uv": [3.5, 7.5, 4, 8], "texture": "#4"},
				"west": {"uv": [5, 0, 8, 0.5], "texture": "#4"},
				"up": {"uv": [6.5, 9, 6, 6], "texture": "#4"},
				"down": {"uv": [7, 6.5, 6.5, 9.5], "texture": "#4"}
			}
		},
		{
			"from": [-0.85, 2.15, 1.4],
			"to": [-0.15, 2.85, 2.1],
			"rotation": {"angle": 0, "axis": "y", "origin": [7, 10, 9.25]},
			"faces": {
				"north": {"uv": [4, 7.5, 4.5, 8], "texture": "#4"},
				"east": {"uv": [4.5, 7.5, 5, 8], "texture": "#4"},
				"south": {"uv": [7, 7.5, 7.5, 8], "texture": "#4"},
				"west": {"uv": [7.5, 7.5, 8, 8], "texture": "#4"},
				"up": {"uv": [8, 5.5, 7.5, 5], "texture": "#4"},
				"down": {"uv": [8, 5.5, 7.5, 6], "texture": "#4"}
			}
		},
		{
			"from": [-0.85, 2.15, 5.9],
			"to": [-0.15, 2.85, 6.6],
			"rotation": {"angle": 0, "axis": "y", "origin": [7, 10, 13.75]},
			"faces": {
				"north": {"uv": [7.5, 6, 8, 6.5], "texture": "#4"},
				"east": {"uv": [7.5, 6.5, 8, 7], "texture": "#4"},
				"south": {"uv": [0, 8, 0.5, 8.5], "texture": "#4"},
				"west": {"uv": [0.5, 8, 1, 8.5], "texture": "#4"},
				"up": {"uv": [2.5, 8.5, 2, 8], "texture": "#4"},
				"down": {"uv": [3, 8, 2.5, 8.5], "texture": "#4"}
			}
		},
		{
			"from": [12.5, 0, 3.5],
			"to": [13.5, 8, 4.5],
			"rotation": {"angle": 0, "axis": "y", "origin": [20.5, 6, 11.5]},
			"faces": {
				"north": {"uv": [3, 3.5, 3.5, 7.5], "texture": "#4"},
				"east": {"uv": [3.5, 3.5, 4, 7.5], "texture": "#4"},
				"south": {"uv": [0, 4, 0.5, 8], "texture": "#4"},
				"west": {"uv": [0.5, 4, 1, 8], "texture": "#4"},
				"up": {"uv": [3.5, 8.5, 3, 8], "texture": "#4"},
				"down": {"uv": [4, 8, 3.5, 8.5], "texture": "#4"}
			}
		},
		{
			"from": [-1, 1, 2],
			"to": [0, 4, 3],
			"rotation": {"angle": 0, "axis": "y", "origin": [1.25, 2.5, 2.5]},
			"faces": {
				"north": {"uv": [6.5, 0.5, 7, 2], "texture": "#4"},
				"east": {"uv": [6.5, 4.5, 7, 6], "texture": "#4"},
				"south": {"uv": [1, 7, 1.5, 8.5], "texture": "#4"},
				"west": {"uv": [1.5, 7, 2, 8.5], "texture": "#4"},
				"up": {"uv": [4.5, 8.5, 4, 8], "texture": "#4"},
				"down": {"uv": [5, 8, 4.5, 8.5], "texture": "#4"}
			}
		},
		{
			"from": [-1, 1, 5],
			"to": [0, 4, 6],
			"rotation": {"angle": 0, "axis": "y", "origin": [1.25, 2.5, 5.5]},
			"faces": {
				"north": {"uv": [5, 0.5, 5.5, 2], "texture": "#4"},
				"east": {"uv": [5.5, 0.5, 6, 2], "texture": "#4"},
				"south": {"uv": [6, 0.5, 6.5, 2], "texture": "#4"},
				"west": {"uv": [6, 4.5, 6.5, 6], "texture": "#4"},
				"up": {"uv": [6, 5.5, 5.5, 5], "texture": "#4"},
				"down": {"uv": [7.5, 5, 7, 5.5], "texture": "#4"}
			}
		},
		{
			"from": [0, 2, 2],
			"to": [2, 3, 3],
			"rotation": {"angle": 0, "axis": "y", "origin": [1.25, 2.5, 2.5]},
			"faces": {
				"north": {"uv": [7, 7, 8, 7.5], "texture": "#4"},
				"east": {"uv": [5, 8, 5.5, 8.5], "texture": "#4"},
				"south": {"uv": [7, 0.5, 8, 1], "texture": "#4"},
				"west": {"uv": [7, 8, 7.5, 8.5], "texture": "#4"},
				"up": {"uv": [8, 1.5, 7, 1], "texture": "#4"},
				"down": {"uv": [8, 1.5, 7, 2], "texture": "#4"}
			}
		},
		{
			"from": [0, 2, 5],
			"to": [2, 3, 6],
			"rotation": {"angle": 0, "axis": "y", "origin": [1.25, 2.5, 5.5]},
			"faces": {
				"north": {"uv": [7, 2.5, 8, 3], "texture": "#4"},
				"east": {"uv": [7.5, 8, 8, 8.5], "texture": "#4"},
				"south": {"uv": [7, 3.5, 8, 4], "texture": "#4"},
				"west": {"uv": [8, 8, 8.5, 8.5], "texture": "#4"},
				"up": {"uv": [8, 4.5, 7, 4], "texture": "#4"},
				"down": {"uv": [8, 4.5, 7, 5], "texture": "#4"}
			}
		}
	],
	"display": {
		"thirdperson_righthand": {
			"translation": [0, 3, 1],
			"scale": [0.55, 0.55, 0.55]
		},
		"thirdperson_lefthand": {
			"translation": [0, 3, 1],
			"scale": [0.55, 0.55, 0.55]
		},
		"firstperson_righthand": {
			"rotation": [0, -90, 25],
			"translation": [1.13, 3.2, 1.13],
			"scale": [0.68, 0.68, 0.68]
		},
		"firstperson_lefthand": {
			"rotation": [0, -90, 25],
			"translation": [1.13, 3.2, 1.13],
			"scale": [0.68, 0.68, 0.68]
		},
		"ground": {
			"translation": [0, 2, 0],
			"scale": [0.5, 0.5, 0.5]
		},
		"head": {
			"rotation": [0, 180, 0],
			"translation": [0, 12.75, 0],
			"scale": [0.8, 0.8, 0.8]
		},
		"fixed": {
			"rotation": [0, 180, 0]
		}
	},
	"groups": [
		{
			"name": "group",
			"origin": [10, 8, 10],
			"color": 0,
			"children": [
				{
					"name": "rig",
					"origin": [10, 8, 10],
					"color": 0,
					"children": [
						{
							"name": "static",
							"origin": [10, 8, 10],
							"color": 0,
							"children": [0, 1, 2, 3, 4, 5, 6, 7, 8, 9, 10]
						},
						{
							"name": "lever",
							"origin": [10, 8, 10],
							"color": 0,
							"children": [
								{
									"name": "frame1",
									"origin": [10, 8, 10],
									"color": 0,
									"children": [11, 12, 13, 14, 15, 16, 17, 18, 19, 20, 21, 22]
								},
								{
									"name": "frame2",
									"origin": [10, 8, 10],
									"color": 0,
									"children": [23, 24, 25, 26, 27, 28, 29, 30, 31, 32, 33, 34]
								},
								{
									"name": "frame3",
									"origin": [10, 8, 10],
									"color": 0,
									"children": [35, 36, 37, 38, 39, 40, 41, 42, 43, 44, 45, 46]
								},
								{
									"name": "frame4",
									"origin": [10, 8, 10],
									"color": 0,
									"children": [47, 48, 49, 50, 51, 52, 53, 54, 55, 56, 57, 58]
								}
							]
						}
					]
				}
			]
		}
	]
}
