{
	"credit": "Made with Blockbench",
	"texture_size": [32, 32],
	"textures": {
		"1": "items/custom/bow/bonebow",
		"particle": "items/custom/bow/bonebow"
	},
	"elements": [
		{
			"from": [0.75, 5.2, 7.25],
			"to": [2.75, 6.2, 8.75],
			"rotation": {"angle": 45, "axis": "z", "origin": [12.33901, 8.87444, 6.69185]},
			"faces": {
				"north": {"uv": [5, 7.5, 6, 8], "texture": "#1"},
				"east": {"uv": [7.5, 5, 8.5, 5.5], "texture": "#1"},
				"south": {"uv": [7.5, 5.5, 8.5, 6], "texture": "#1"},
				"west": {"uv": [6, 7.5, 7, 8], "texture": "#1"},
				"up": {"uv": [6.5, 1, 5.5, 0], "texture": "#1"},
				"down": {"uv": [6.5, 1, 5.5, 2], "texture": "#1"}
			}
		},
		{
			"from": [3.75, 5.2, 7.25],
			"to": [5.75, 6.2, 8.75],
			"rotation": {"angle": 45, "axis": "z", "origin": [12.33901, 8.87444, 6.69185]},
			"faces": {
				"north": {"uv": [7.5, 6.5, 8.5, 7], "texture": "#1"},
				"east": {"uv": [7.5, 7, 8.5, 7.5], "texture": "#1"},
				"south": {"uv": [7.5, 7.5, 8.5, 8], "texture": "#1"},
				"west": {"uv": [0, 8, 1, 8.5], "texture": "#1"},
				"up": {"uv": [6, 6.5, 5, 5.5], "texture": "#1"},
				"down": {"uv": [1, 6, 0, 7], "texture": "#1"}
			}
		},
		{
			"from": [0.75, 6.2, 7.5],
			"to": [5.75, 8.2, 8.5],
			"shade": false,
			"rotation": {"angle": 45, "axis": "z", "origin": [12.33901, 8.87444, 6.69185]},
			"faces": {
				"north": {"uv": [3, 0, 5.5, 1], "texture": "#1"},
				"east": {"uv": [1, 8, 1.5, 9], "texture": "#1"},
				"south": {"uv": [3, 1, 5.5, 2], "texture": "#1"},
				"west": {"uv": [1.5, 8, 2, 9], "texture": "#1"},
				"up": {"uv": [7.5, 2.5, 5, 2], "texture": "#1"},
				"down": {"uv": [7.5, 2.5, 5, 3], "texture": "#1"}
			}
		},
		{
			"from": [1.75, 8.2, 7.75],
			"to": [4.75, 10.2, 8.25],
			"rotation": {"angle": 45, "axis": "z", "origin": [12.33901, 8.87444, 6.69185]},
			"faces": {
				"north": {"uv": [2, 3.5, 3.5, 4.5], "texture": "#1"},
				"east": {"uv": [8, 1.5, 8.5, 2.5], "texture": "#1"},
				"south": {"uv": [3.5, 3.5, 5, 4.5], "texture": "#1"},
				"west": {"uv": [8, 2.5, 8.5, 3.5], "texture": "#1"},
				"up": {"uv": [8, 6.5, 6.5, 6], "texture": "#1"},
				"down": {"uv": [8.5, 0, 7, 0.5], "texture": "#1"}
			}
		},
		{
			"from": [1, 10.2, 7.5],
			"to": [4, 14.2, 8.5],
			"rotation": {"angle": 45, "axis": "z", "origin": [12.33901, 8.87444, 6.69185]},
			"faces": {
				"north": {"uv": [0, 0, 1.5, 2], "texture": "#1"},
				"east": {"uv": [1, 6, 1.5, 8], "texture": "#1"},
				"south": {"uv": [1.5, 0, 3, 2], "texture": "#1"},
				"west": {"uv": [1.5, 6, 2, 8], "texture": "#1"},
				"up": {"uv": [8.5, 1, 7, 0.5], "texture": "#1"},
				"down": {"uv": [8.5, 1, 7, 1.5], "texture": "#1"}
			}
		},
		{
			"from": [3.5, 12.2, 7.75],
			"to": [4.5, 14.2, 8.25],
			"rotation": {"angle": 45, "axis": "z", "origin": [12.33901, 8.87444, 6.69185]},
			"faces": {
				"north": {"uv": [8, 3.5, 8.5, 4.5], "texture": "#1"},
				"east": {"uv": [4, 8, 4.5, 9], "texture": "#1"},
				"south": {"uv": [4.5, 8, 5, 9], "texture": "#1"},
				"west": {"uv": [5, 8, 5.5, 9], "texture": "#1"},
				"up": {"uv": [7.5, 2, 7, 1.5], "texture": "#1"},
				"down": {"uv": [8.5, 8.5, 8, 9], "texture": "#1"}
			}
		},
		{
			"from": [1, 14.2, 7.75],
			"to": [5, 15.2, 8.25],
			"rotation": {"angle": 45, "axis": "z", "origin": [12.33901, 8.87444, 6.69185]},
			"faces": {
				"north": {"uv": [2, 6, 4, 6.5], "texture": "#1"},
				"east": {"uv": [8.5, 8.5, 9, 9], "texture": "#1"},
				"south": {"uv": [6, 3, 8, 3.5], "texture": "#1"},
				"west": {"uv": [0, 9, 0.5, 9.5], "texture": "#1"},
				"up": {"uv": [8, 4, 6, 3.5], "texture": "#1"},
				"down": {"uv": [8, 4, 6, 4.5], "texture": "#1"}
			}
		},
		{
			"from": [-0.9, 7.75, 6.7],
			"to": [3.1, 8, 9.2],
			"rotation": {"angle": 0, "axis": "z", "origin": [0.1, 7.875, 9.95]},
			"faces": {
				"north": {"uv": [0.5, 0, 2.5, 0.5], "texture": "#1"},
				"east": {"uv": [2, 0, 2.5, 0.5], "texture": "#1"},
				"south": {"uv": [0.5, 0, 2.5, 0.5], "texture": "#1"},
				"west": {"uv": [0.5, 0, 1, 0.5], "texture": "#1"},
				"up": {"uv": [2.5, 0.5, 0.5, 0], "texture": "#1"},
				"down": {"uv": [2.5, 0, 0.5, 0.5], "texture": "#1"}
			}
		},
		{
			"from": [2, 15.2, 7.75],
			"to": [3, 17.2, 8.25],
			"rotation": {"angle": 45, "axis": "z", "origin": [12.33901, 8.87444, 6.69185]},
			"faces": {
				"north": {"uv": [5.5, 8, 6, 9], "texture": "#1"},
				"east": {"uv": [6, 8, 6.5, 9], "texture": "#1"},
				"south": {"uv": [6.5, 8, 7, 9], "texture": "#1"},
				"west": {"uv": [7, 8, 7.5, 9], "texture": "#1"},
				"up": {"uv": [1, 9.5, 0.5, 9], "texture": "#1"},
				"down": {"uv": [1.5, 9, 1, 9.5], "texture": "#1"}
			}
		},
		{
			"from": [3, 15.2, 7.75],
			"to": [5, 18.2, 8.25],
			"rotation": {"angle": 45, "axis": "z", "origin": [12.33901, 8.87444, 6.69185]},
			"faces": {
				"north": {"uv": [4, 2, 5, 3.5], "texture": "#1"},
				"east": {"uv": [2, 7, 2.5, 8.5], "texture": "#1"},
				"south": {"uv": [2, 4.5, 3, 6], "texture": "#1"},
				"west": {"uv": [2.5, 7, 3, 8.5], "texture": "#1"},
				"up": {"uv": [9, 6.5, 8, 6], "texture": "#1"},
				"down": {"uv": [8.5, 8, 7.5, 8.5], "texture": "#1"}
			}
		},
		{
			"from": [5, 15.2, 7.75],
			"to": [6, 19.2, 8.25],
			"rotation": {"angle": 45, "axis": "z", "origin": [12.33901, 8.87444, 6.69185]},
			"faces": {
				"north": {"uv": [4, 6, 4.5, 8], "texture": "#1"},
				"east": {"uv": [4.5, 6, 5, 8], "texture": "#1"},
				"south": {"uv": [6, 4.5, 6.5, 6.5], "texture": "#1"},
				"west": {"uv": [6.5, 0, 7, 2], "texture": "#1"},
				"up": {"uv": [2, 9.5, 1.5, 9], "texture": "#1"},
				"down": {"uv": [2.5, 9, 2, 9.5], "texture": "#1"}
			}
		},
		{
			"from": [6, 15.7, 7.75],
			"to": [8, 16.7, 8.25],
			"rotation": {"angle": 45, "axis": "z", "origin": [12.33901, 8.87444, 6.69185]},
			"faces": {
				"north": {"uv": [0, 8.5, 1, 9], "texture": "#1"},
				"east": {"uv": [2.5, 9, 3, 9.5], "texture": "#1"},
				"south": {"uv": [8.5, 0, 9.5, 0.5], "texture": "#1"},
				"west": {"uv": [9, 3, 9.5, 3.5], "texture": "#1"},
				"up": {"uv": [9.5, 1, 8.5, 0.5], "texture": "#1"},
				"down": {"uv": [9.5, 1, 8.5, 1.5], "texture": "#1"}
			}
		},
		{
			"from": [6, 16.2, 7.5],
			"to": [10, 19.2, 8.5],
			"rotation": {"angle": 45, "axis": "z", "origin": [12.33901, 8.87444, 6.69185]},
			"faces": {
				"north": {"uv": [0, 2, 2, 3.5], "texture": "#1"},
				"east": {"uv": [3, 7, 3.5, 8.5], "texture": "#1"},
				"south": {"uv": [2, 2, 4, 3.5], "texture": "#1"},
				"west": {"uv": [3.5, 7, 4, 8.5], "texture": "#1"},
				"up": {"uv": [4, 7, 2, 6.5], "texture": "#1"},
				"down": {"uv": [8.5, 4.5, 6.5, 5], "texture": "#1"}
			}
		},
		{
			"from": [10, 15.45, 7.75],
			"to": [12, 18.45, 8.25],
			"rotation": {"angle": 45, "axis": "z", "origin": [12.33901, 8.87444, 6.69185]},
			"faces": {
				"north": {"uv": [3, 4.5, 4, 6], "texture": "#1"},
				"east": {"uv": [7, 6.5, 7.5, 8], "texture": "#1"},
				"south": {"uv": [4, 4.5, 5, 6], "texture": "#1"},
				"west": {"uv": [7.5, 1.5, 8, 3], "texture": "#1"},
				"up": {"uv": [9.5, 2, 8.5, 1.5], "texture": "#1"},
				"down": {"uv": [3, 8.5, 2, 9], "texture": "#1"}
			}
		},
		{
			"from": [12, 14.45, 7.5],
			"to": [14, 19.45, 8.5],
			"rotation": {"angle": 45, "axis": "z", "origin": [12.33901, 8.87444, 6.69185]},
			"faces": {
				"north": {"uv": [0, 3.5, 1, 6], "texture": "#1"},
				"east": {"uv": [5, 3, 5.5, 5.5], "texture": "#1"},
				"south": {"uv": [1, 3.5, 2, 6], "texture": "#1"},
				"west": {"uv": [5.5, 3, 6, 5.5], "texture": "#1"},
				"up": {"uv": [9.5, 2.5, 8.5, 2], "texture": "#1"},
				"down": {"uv": [9.5, 2.5, 8.5, 3], "texture": "#1"}
			}
		},
		{
			"from": [14, 17.45, 7.25],
			"to": [15, 19.45, 8.75],
			"rotation": {"angle": 45, "axis": "z", "origin": [12.33901, 8.87444, 6.69185]},
			"faces": {
				"north": {"uv": [3, 8.5, 3.5, 9.5], "texture": "#1"},
				"east": {"uv": [5, 6.5, 6, 7.5], "texture": "#1"},
				"south": {"uv": [8.5, 3, 9, 4], "texture": "#1"},
				"west": {"uv": [6.5, 5, 7.5, 6], "texture": "#1"},
				"up": {"uv": [4, 9.5, 3.5, 8.5], "texture": "#1"},
				"down": {"uv": [9, 4, 8.5, 5], "texture": "#1"}
			}
		},
		{
			"from": [14, 14.45, 7.25],
			"to": [15, 16.45, 8.75],
			"rotation": {"angle": 45, "axis": "z", "origin": [12.33901, 8.87444, 6.69185]},
			"faces": {
				"north": {"uv": [8.5, 5, 9, 6], "texture": "#1"},
				"east": {"uv": [6, 6.5, 7, 7.5], "texture": "#1"},
				"south": {"uv": [8.5, 6.5, 9, 7.5], "texture": "#1"},
				"west": {"uv": [0, 7, 1, 8], "texture": "#1"},
				"up": {"uv": [8, 9.5, 7.5, 8.5], "texture": "#1"},
				"down": {"uv": [9, 7.5, 8.5, 8.5], "texture": "#1"}
			}
		},
		{
			"from": [7.75, 6.45, 7.75],
			"to": [8.75, 7.45, 8.25],
			"rotation": {"angle": 45, "axis": "z", "origin": [12.33901, 8.87444, 6.69185]},
			"faces": {
				"north": {"uv": [9, 3.5, 9.5, 4], "texture": "#1"},
				"east": {"uv": [4, 9, 4.5, 9.5], "texture": "#1"},
				"south": {"uv": [9, 4, 9.5, 4.5], "texture": "#1"},
				"west": {"uv": [4.5, 9, 5, 9.5], "texture": "#1"},
				"up": {"uv": [9.5, 5, 9, 4.5], "texture": "#1"},
				"down": {"uv": [5.5, 9, 5, 9.5], "texture": "#1"}
			}
		},
		{
			"from": [11.75, 8.45, 7.75],
			"to": [12.75, 11.45, 8.25],
			"rotation": {"angle": 45, "axis": "z", "origin": [12.33901, 8.87444, 6.69185]},
			"faces": {
				"north": {"uv": [9, 5, 9.5, 5.5], "texture": "#1"},
				"east": {"uv": [5.5, 9, 6, 9.5], "texture": "#1"},
				"south": {"uv": [9, 5.5, 9.5, 6], "texture": "#1"},
				"west": {"uv": [6, 9, 6.5, 9.5], "texture": "#1"},
				"up": {"uv": [9.5, 6.5, 9, 6], "texture": "#1"},
				"down": {"uv": [7, 9, 6.5, 9.5], "texture": "#1"}
			}
		},
		{
			"from": [8.75, 7.45, 7.75],
			"to": [11.75, 8.45, 8.25],
			"rotation": {"angle": 45, "axis": "z", "origin": [12.33901, 8.87444, 6.69185]},
			"faces": {
				"north": {"uv": [9, 5, 9.5, 5.5], "texture": "#1"},
				"east": {"uv": [5.5, 9, 6, 9.5], "texture": "#1"},
				"south": {"uv": [9, 5.5, 9.5, 6], "texture": "#1"},
				"west": {"uv": [6, 9, 6.5, 9.5], "texture": "#1"},
				"up": {"uv": [9.5, 6.5, 9, 6], "texture": "#1"},
				"down": {"uv": [7, 9, 6.5, 9.5], "texture": "#1"}
			}
		},
		{
			"from": [12.75, 11.45, 7.75],
			"to": [13.75, 12.45, 8.25],
			"rotation": {"angle": 45, "axis": "z", "origin": [12.33901, 8.87444, 6.69185]},
			"faces": {
				"north": {"uv": [9, 6.5, 9.5, 7], "texture": "#1"},
				"east": {"uv": [7, 9, 7.5, 9.5], "texture": "#1"},
				"south": {"uv": [9, 7, 9.5, 7.5], "texture": "#1"},
				"west": {"uv": [9, 7.5, 9.5, 8], "texture": "#1"},
				"up": {"uv": [8.5, 9.5, 8, 9], "texture": "#1"},
				"down": {"uv": [9.5, 8, 9, 8.5], "texture": "#1"}
			}
		},
		{
			"from": [6.75, 6.45, 7.75],
			"to": [7.75, 7.45, 8.25],
			"rotation": {"angle": 45, "axis": "z", "origin": [12.33901, 8.87444, 6.69185]},
			"faces": {
				"north": {"uv": [8.5, 9, 9, 9.5], "texture": "#1"},
				"east": {"uv": [9, 8.5, 9.5, 9], "texture": "#1"},
				"south": {"uv": [9, 9, 9.5, 9.5], "texture": "#1"},
				"west": {"uv": [0, 9.5, 0.5, 10], "texture": "#1"},
				"up": {"uv": [10, 0.5, 9.5, 0], "texture": "#1"},
				"down": {"uv": [1, 9.5, 0.5, 10], "texture": "#1"}
			}
		},
		{
			"from": [5.75, 6.45, 7.75],
			"to": [6.75, 7.45, 8.25],
			"rotation": {"angle": 45, "axis": "z", "origin": [12.33901, 8.87444, 6.69185]},
			"faces": {
				"north": {"uv": [9.5, 0.5, 10, 1], "texture": "#1"},
				"east": {"uv": [1, 9.5, 1.5, 10], "texture": "#1"},
				"south": {"uv": [9.5, 1, 10, 1.5], "texture": "#1"},
				"west": {"uv": [1.5, 9.5, 2, 10], "texture": "#1"},
				"up": {"uv": [10, 2, 9.5, 1.5], "texture": "#1"},
				"down": {"uv": [2.5, 9.5, 2, 10], "texture": "#1"}
			}
		},
		{
			"from": [12.75, 13.45, 7.75],
			"to": [13.75, 14.45, 8.25],
			"rotation": {"angle": 45, "axis": "z", "origin": [12.33901, 8.87444, 6.69185]},
			"faces": {
				"north": {"uv": [9.5, 2, 10, 2.5], "texture": "#1"},
				"east": {"uv": [2.5, 9.5, 3, 10], "texture": "#1"},
				"south": {"uv": [9.5, 2.5, 10, 3], "texture": "#1"},
				"west": {"uv": [3, 9.5, 3.5, 10], "texture": "#1"},
				"up": {"uv": [10, 3.5, 9.5, 3], "texture": "#1"},
				"down": {"uv": [4, 9.5, 3.5, 10], "texture": "#1"}
			}
		},
		{
			"from": [12.75, 12.45, 7.75],
			"to": [13.75, 13.45, 8.25],
			"rotation": {"angle": 45, "axis": "z", "origin": [12.33901, 8.87444, 6.69185]},
			"faces": {
				"north": {"uv": [9.5, 3.5, 10, 4], "texture": "#1"},
				"east": {"uv": [4, 9.5, 4.5, 10], "texture": "#1"},
				"south": {"uv": [9.5, 4, 10, 4.5], "texture": "#1"},
				"west": {"uv": [4.5, 9.5, 5, 10], "texture": "#1"},
				"up": {"uv": [10, 5, 9.5, 4.5], "texture": "#1"},
				"down": {"uv": [5.5, 9.5, 5, 10], "texture": "#1"}
			}
		},
		{
			"from": [-0.9, 8, 7.7],
			"to": [12.1, 8.5, 8.3],
			"rotation": {"angle": 0, "axis": "z", "origin": [12.33901, 8.87444, 6.69185]},
			"faces": {
				"north": {"uv": [9.5, 6.5, 10, 7], "texture": "#1"},
				"east": {"uv": [9.5, 6.5, 9.8, 6.75], "texture": "#1"},
				"south": {"uv": [9.5, 6.5, 10, 7], "texture": "#1"},
				"west": {"uv": [9.5, 6.5, 9.8, 6.75], "texture": "#1"},
				"up": {"uv": [9.5, 6.5, 10, 7], "texture": "#1"},
				"down": {"uv": [9.5, 6.5, 10, 7], "texture": "#1"}
			}
		},
		{
			"from": [-1.40503, 8.15, 8.31924],
			"to": [-0.40503, 8.35, 8.91924],
			"rotation": {"angle": -45, "axis": "y", "origin": [-0.40503, 8.1, 9.21924]},
			"faces": {
				"north": {"uv": [9.5, 5, 10, 5], "texture": "#1"},
				"east": {"uv": [9.5, 5, 9.8, 5.1], "texture": "#1"},
				"south": {"uv": [9.5, 5, 10, 5.1], "texture": "#1"},
				"west": {"uv": [9.5, 5, 9.8, 5.1], "texture": "#1"},
				"up": {"uv": [9.5, 5, 10, 5.3], "texture": "#1"},
				"down": {"uv": [9.5, 5, 10, 5.3], "texture": "#1"}
			}
		},
		{
			"from": [-1.05503, 8.125, 8.16924],
			"to": [-0.05503, 8.375, 8.76924],
			"rotation": {"angle": -45, "axis": "y", "origin": [-0.40503, 8.1, 9.21924]},
			"faces": {
				"north": {"uv": [9.5, 5.5, 10, 5.5], "texture": "#1"},
				"east": {"uv": [9.5, 5.5, 9.8, 5.625], "texture": "#1"},
				"south": {"uv": [9.5, 5.5, 10, 5.625], "texture": "#1"},
				"west": {"uv": [9.5, 5.5, 9.8, 5.625], "texture": "#1"},
				"up": {"uv": [9.5, 5.5, 10, 5.8], "texture": "#1"},
				"down": {"uv": [9.5, 5.5, 10, 5.8], "texture": "#1"}
			}
		},
		{
			"from": [-0.70503, 8.15, 8.01924],
			"to": [0.29497, 8.35, 8.61924],
			"rotation": {"angle": -45, "axis": "y", "origin": [-0.40503, 8.1, 9.21924]},
			"faces": {
				"north": {"uv": [9.5, 5, 10, 5], "texture": "#1"},
				"east": {"uv": [9.5, 5, 9.8, 5.1], "texture": "#1"},
				"south": {"uv": [9.5, 5, 10, 5.1], "texture": "#1"},
				"west": {"uv": [9.5, 5, 9.8, 5.1], "texture": "#1"},
				"up": {"uv": [9.5, 5, 10, 5.3], "texture": "#1"},
				"down": {"uv": [9.5, 5, 10, 5.3], "texture": "#1"}
			}
		},
		{
			"from": [-1.40503, 8.15, 7.08076],
			"to": [-0.40503, 8.35, 7.68076],
			"rotation": {"angle": 45, "axis": "y", "origin": [-0.40503, 8.1, 6.78076]},
			"faces": {
				"north": {"uv": [9.5, 5.5, 10, 5.5], "texture": "#1"},
				"east": {"uv": [9.8, 5, 9.5, 5.1], "texture": "#1"},
				"south": {"uv": [10, 5, 9.5, 5.1], "texture": "#1"},
				"west": {"uv": [9.8, 5, 9.5, 5.1], "texture": "#1"},
				"up": {"uv": [9.5, 5.3, 10, 5], "texture": "#1"},
				"down": {"uv": [9.5, 5.3, 10, 5], "texture": "#1"}
			}
		},
		{
			"from": [-1.05503, 8.125, 7.23076],
			"to": [-0.05503, 8.375, 7.83076],
			"rotation": {"angle": 45, "axis": "y", "origin": [-0.40503, 8.1, 6.78076]},
			"faces": {
				"north": {"uv": [9.5, 6, 10, 6], "texture": "#1"},
				"east": {"uv": [9.8, 5.5, 9.5, 5.625], "texture": "#1"},
				"south": {"uv": [10, 5.5, 9.5, 5.625], "texture": "#1"},
				"west": {"uv": [9.8, 5.5, 9.5, 5.625], "texture": "#1"},
				"up": {"uv": [9.5, 5.8, 10, 5.5], "texture": "#1"},
				"down": {"uv": [9.5, 5.8, 10, 5.5], "texture": "#1"}
			}
		},
		{
			"from": [-0.70503, 8.15, 7.38076],
			"to": [0.29497, 8.35, 7.98076],
			"rotation": {"angle": 45, "axis": "y", "origin": [-0.40503, 8.1, 6.78076]},
			"faces": {
				"north": {"uv": [9.5, 5.5, 10, 5.5], "texture": "#1"},
				"east": {"uv": [9.8, 5, 9.5, 5.1], "texture": "#1"},
				"south": {"uv": [10, 5, 9.5, 5.1], "texture": "#1"},
				"west": {"uv": [9.8, 5, 9.5, 5.1], "texture": "#1"},
				"up": {"uv": [9.5, 5.3, 10, 5], "texture": "#1"},
				"down": {"uv": [9.5, 5.3, 10, 5], "texture": "#1"}
			}
		},
		{
			"from": [11.53394, 8.025, 7.92664],
			"to": [13.03394, 8.475, 8.02664],
			"rotation": {"angle": 22.5, "axis": "y", "origin": [11, 8.25, 8]},
			"faces": {
				"north": {"uv": [9.5, 5.5, 10, 5.5], "texture": "#1"},
				"east": {"uv": [9.5, 5, 9.55, 5.225], "texture": "#1"},
				"south": {"uv": [9.5, 5, 10, 5], "texture": "#1"},
				"west": {"uv": [9.5, 5, 9.55, 5.225], "texture": "#1"},
				"up": {"uv": [9.5, 5.5, 10, 5.5], "texture": "#1"},
				"down": {"uv": [9.5, 6, 10, 6], "texture": "#1"}
			}
		},
		{
			"from": [11.73394, 8.025, 8.22664],
			"to": [12.73394, 8.475, 8.32664],
			"rotation": {"angle": 22.5, "axis": "y", "origin": [11, 8.25, 8]},
			"faces": {
				"north": {"uv": [9.5, 5.5, 10, 5.5], "texture": "#1"},
				"east": {"uv": [9.5, 5, 9.55, 5.225], "texture": "#1"},
				"south": {"uv": [9.5, 5, 10, 5], "texture": "#1"},
				"west": {"uv": [9.5, 5, 9.55, 5.225], "texture": "#1"},
				"up": {"uv": [9.5, 6, 10, 6], "texture": "#1"},
				"down": {"uv": [9.5, 5.5, 10, 5.5], "texture": "#1"}
			}
		},
		{
			"from": [11.83394, 8.025, 8.12664],
			"to": [12.83394, 8.475, 8.22664],
			"rotation": {"angle": 22.5, "axis": "y", "origin": [11, 8.25, 8]},
			"faces": {
				"north": {"uv": [9.5, 5.5, 10, 5.5], "texture": "#1"},
				"east": {"uv": [9.5, 5, 9.55, 5.225], "texture": "#1"},
				"south": {"uv": [9.5, 5, 10, 5], "texture": "#1"},
				"west": {"uv": [9.5, 5, 9.55, 5.225], "texture": "#1"},
				"up": {"uv": [9.5, 5.5, 10, 5.5], "texture": "#1"},
				"down": {"uv": [9.5, 6, 10, 6], "texture": "#1"}
			}
		},
		{
			"from": [11.68394, 8.025, 8.02664],
			"to": [12.93394, 8.475, 8.12664],
			"rotation": {"angle": 22.5, "axis": "y", "origin": [11, 8.25, 8]},
			"faces": {
				"north": {"uv": [9.5, 5.5, 10, 5.5], "texture": "#1"},
				"east": {"uv": [9.5, 5, 9.55, 5.225], "texture": "#1"},
				"south": {"uv": [9.5, 5, 10, 5], "texture": "#1"},
				"west": {"uv": [9.5, 5, 9.55, 5.225], "texture": "#1"},
				"up": {"uv": [9.5, 6, 10, 6], "texture": "#1"},
				"down": {"uv": [9.5, 5.5, 10, 5.5], "texture": "#1"}
			}
		},
		{
			"from": [11.53394, 8.025, 7.97336],
			"to": [13.03394, 8.475, 8.07336],
			"rotation": {"angle": -22.5, "axis": "y", "origin": [11, 8.25, 8]},
			"faces": {
				"north": {"uv": [9.5, 5, 10, 5], "rotation": 180, "texture": "#1"},
				"east": {"uv": [9.5, 5, 9.55, 5.225], "rotation": 180, "texture": "#1"},
				"south": {"uv": [9.5, 5.5, 10, 5.5], "rotation": 180, "texture": "#1"},
				"west": {"uv": [9.5, 5, 9.55, 5.225], "rotation": 180, "texture": "#1"},
				"up": {"uv": [9.5, 5.5, 10, 5.5], "texture": "#1"},
				"down": {"uv": [9.5, 6, 10, 6], "texture": "#1"}
			}
		},
		{
			"from": [11.73394, 8.025, 7.67336],
			"to": [12.73394, 8.475, 7.77336],
			"rotation": {"angle": -22.5, "axis": "y", "origin": [11, 8.25, 8]},
			"faces": {
				"north": {"uv": [9.5, 5, 10, 5], "rotation": 180, "texture": "#1"},
				"east": {"uv": [9.5, 5, 9.55, 5.225], "rotation": 180, "texture": "#1"},
				"south": {"uv": [9.5, 5.5, 10, 5.5], "rotation": 180, "texture": "#1"},
				"west": {"uv": [9.5, 5, 9.55, 5.225], "rotation": 180, "texture": "#1"},
				"up": {"uv": [9.5, 6, 10, 6], "texture": "#1"},
				"down": {"uv": [9.5, 5.5, 10, 5.5], "texture": "#1"}
			}
		},
		{
			"from": [11.83394, 8.025, 7.77336],
			"to": [12.83394, 8.475, 7.87336],
			"rotation": {"angle": -22.5, "axis": "y", "origin": [11, 8.25, 8]},
			"faces": {
				"north": {"uv": [9.5, 5, 10, 5], "rotation": 180, "texture": "#1"},
				"east": {"uv": [9.5, 5, 9.55, 5.225], "rotation": 180, "texture": "#1"},
				"south": {"uv": [9.5, 5.5, 10, 5.5], "rotation": 180, "texture": "#1"},
				"west": {"uv": [9.5, 5, 9.55, 5.225], "rotation": 180, "texture": "#1"},
				"up": {"uv": [9.5, 5.5, 10, 5.5], "texture": "#1"},
				"down": {"uv": [9.5, 6, 10, 6], "texture": "#1"}
			}
		},
		{
			"from": [11.68394, 8.025, 7.87336],
			"to": [12.93394, 8.475, 7.97336],
			"rotation": {"angle": -22.5, "axis": "y", "origin": [11, 8.25, 8]},
			"faces": {
				"north": {"uv": [9.5, 5, 10, 5], "rotation": 180, "texture": "#1"},
				"east": {"uv": [9.5, 5, 9.55, 5.225], "rotation": 180, "texture": "#1"},
				"south": {"uv": [9.5, 5.5, 10, 5.5], "rotation": 180, "texture": "#1"},
				"west": {"uv": [9.5, 5, 9.55, 5.225], "rotation": 180, "texture": "#1"},
				"up": {"uv": [9.5, 6, 10, 6], "texture": "#1"},
				"down": {"uv": [9.5, 5.5, 10, 5.5], "texture": "#1"}
			}
		}
	],
	"gui_light": "front",
	"display": {
		"thirdperson_righthand": {
			"rotation": [50, -100, 55],
			"translation": [-1.75, -1, 3.5],
			"scale": [0.85, 0.85, 0.85]
		},
		"thirdperson_lefthand": {
			"rotation": [-50, 70, 55],
			"translation": [-1.75, -1, 3.5],
			"scale": [0.85, 0.85, 0.85]
		},
		"firstperson_righthand": {
			"rotation": [50, -80, 30],
			"translation": [0, 3, 5],
			"scale": [0.7, 0.7, 0.7]
		},
		"firstperson_lefthand": {
			"rotation": [85, 95, -65],
			"translation": [-1, 3, 5],
			"scale": [0.7, 0.7, 0.7]
		},
		"ground": {
			"translation": [0, 2, 0],
			"scale": [0.5, 0.5, 0.5]
		},
		"gui": {
			"rotation": [0, 0, -45],
			"translation": [0.75, -0.75, 0]
		}
	},
	"groups": [
		{
			"name": "group",
			"origin": [8, 8, 8],
			"color": 0,
			"children": [
				{
					"name": "bow",
					"origin": [0, 0, 0],
					"color": 0,
					"children": [0, 1, 2, 3, 4, 5, 6, 7, 8, 9, 10, 11, 12, 13, 14, 15, 16, 17, 18, 19, 20, 21, 22, 23, 24]
				},
				{
					"name": "arrow",
					"origin": [8, 8, 8],
					"color": 0,
					"children": [25, 26, 27, 28, 29, 30, 31,
						{
							"name": "group",
							"origin": [10.99551, 3.92444, 8],
							"color": 0,
							"children": [32, 33, 34, 35]
						},
						{
							"name": "group",
							"origin": [10.99551, 3.92444, 8],
							"color": 0,
							"children": [36, 37, 38, 39]
						}
					]
				}
			]
		}
	]
}